case,initial_state,steps,tol,time,optimal_cost,forest_cost,best_sol_prob
8,all,2,0.001,773.6588778495789,13.283190505412346,13.283190505412346,6794
3,all,2,0.001,249.95458102226257,33.68066068690686,33.68066068690686,4425
7,"[2, 0, 1]",2,0.001,132.83475875854492,41.540535630410574,41.62698246742079,9968
8,"[2, 0, 1]",2,0.001,126.16329979896545,7.438111102029453,7.438111102029453,10000
6,"[2, 0, 1]",2,0.001,180.10415887832642,1.1715916253205503,1.1715916253205503,10000
3,"[2, 1, 0]",2,0.001,96.60322117805481,33.63546808979235,36.999014898771584,8753
7,"[2, 1, 0]",2,0.001,112.67871117591858,27.921446129007055,27.921446129007055,10000
5,all,2,0.001,144.2831370830536,9.921407854501123,9.921407854501123,1755
7,"[2, 0, 1]",2,0.001,117.0849347114563,66.72389317068159,66.72389317068159,10000
2,"[2, 1, 0]",2,0.001,137.1439929008484,6.217601109907756,6.217601109907756,10000
6,"[2, 0, 1]",2,0.001,124.00338292121887,19.961222630424267,19.961222630424267,10000
1,all,2,0.001,374.44263100624084,40.31224199883901,40.31224199883901,5042
2,all,2,0.001,350.55115008354187,36.061452514122514,36.061452514122514,5034
7,"[2, 0, 1]",2,0.001,127.43871712684631,31.304721063605832,31.304721063605832,10000
6,"[2, 1, 0]",2,0.001,102.46092700958252,37.05173001281198,37.05173001281198,3281
2,all,2,0.001,250.92527794837952,36.17843747389804,36.17843747389804,4947
8,all,2,0.001,773.6588778495789,13.283190505412346,13.283190505412346,6794
3,all,2,0.001,249.95458102226257,33.68066068690686,33.68066068690686,4425
7,"[2, 0, 1]",2,0.001,132.83475875854492,41.540535630410574,41.62698246742079,9968
8,"[2, 0, 1]",2,0.001,126.16329979896545,7.438111102029453,7.438111102029453,10000
6,"[2, 0, 1]",2,0.001,180.10415887832642,1.1715916253205503,1.1715916253205503,10000
3,"[2, 1, 0]",2,0.001,96.60322117805481,33.63546808979235,36.999014898771584,8753
7,"[2, 1, 0]",2,0.001,112.67871117591858,27.921446129007055,27.921446129007055,10000
5,all,2,0.001,144.2831370830536,9.921407854501123,9.921407854501123,1755
7,"[2, 0, 1]",2,0.001,117.0849347114563,66.72389317068159,66.72389317068159,10000
2,"[2, 1, 0]",2,0.001,137.1439929008484,6.217601109907756,6.217601109907756,10000
6,"[2, 0, 1]",2,0.001,124.00338292121887,19.961222630424267,19.961222630424267,10000
1,all,2,0.001,374.44263100624084,40.31224199883901,40.31224199883901,5042
2,all,2,0.001,350.55115008354187,36.061452514122514,36.061452514122514,5034
7,"[2, 0, 1]",2,0.001,127.43871712684631,31.304721063605832,31.304721063605832,10000
6,"[2, 1, 0]",2,0.001,102.46092700958252,37.05173001281198,37.05173001281198,3281
2,all,2,0.001,250.92527794837952,36.17843747389804,36.17843747389804,4947
0,"[2, 1, 0]",2,0.001,161.37037682533264,65.05554685472438,65.05554685472438,10000
7,"[2, 1, 0]",2,0.001,179.22332859039307,14.878870603472265,14.909833885058188,9993
0,"[2, 0, 1]",2,0.001,134.88161087036133,94.26529839612104,94.26529839612104,10000
0,"[2, 1, 0]",2,0.001,157.53438210487366,44.346258642643164,44.346258642643164,10000
6,"[2, 0, 1]",2,0.001,144.06467080116272,31.521382252422903,31.521382252422903,10000
0,"[2, 1, 0]",2,0.001,133.8736560344696,28.73708486353216,28.73708486353216,10000
7,"[2, 0, 1]",2,0.001,122.02980899810791,43.05984373849231,43.14945229160451,9958
3,"[2, 1, 0]",2,0.001,133.3177547454834,8.516279413392935,9.367907354732228,8819
7,all,2,0.001,414.74267506599426,52.508031587739936,52.61730204320007,3865
5,"[2, 1, 0]",2,0.001,132.88616394996643,9.448592772001188,9.448592772001188,9542
8,"[2, 0, 1]",2,0.001,143.9791977405548,15.416880725172442,15.416880725172442,10000
6,"[2, 0, 1]",2,0.001,147.78453516960144,46.41631046465375,46.41631046465375,9999
2,"[2, 1, 0]",2,0.001,119.68858289718628,0.4239993912466211,0.4239993912466211,9998
7,all,2,0.001,484.9097590446472,19.02705122054487,19.066646964092367,5794
1,all,2,0.001,530.8161063194275,5.180845704904902,5.180845704904902,4900
3,"[2, 0, 1]",2,0.001,129.0239281654358,24.870986376715443,24.870986376715443,10000
3,"[2, 1, 0]",2,0.001,124.45226097106934,5.554298078347264,5.554298078347264,10000
5,"[2, 0, 1]",2,0.001,85.44861102104187,8.223271360716549,8.223271360716549,9242
3,"[2, 0, 1]",2,0.001,111.0809817314148,15.206275469867611,15.206275469867611,9999
2,"[2, 0, 1]",2,0.001,253.1319751739502,56.835906602086936,56.835906602086936,10000
3,all,2,0.001,351.91676592826843,6.5167735513963,7.16845090653593,5343
4,"[2, 0, 1]",2,0.001,131.42307305335999,32.604681179278714,32.604681179278714,10000
7,all,2,0.001,208.69093298912048,1.122065782446553,1.12440082787478,2788
5,all,2,0.001,185.10091185569763,5.570362795921484,5.570362795921484,1694
7,"[2, 1, 0]",2,0.001,190.0513379573822,56.489817896330585,56.489817896330585,10000
2,all,2,0.001,342.3668701648712,39.42207489859584,39.42207489859584,5083
4,"[2, 0, 1]",2,0.001,115.06895732879639,41.52373357014717,41.52373357014717,10000
8,"[2, 1, 0]",2,0.001,110.15420174598694,10.314026957804783,10.314026957804783,10000
4,"[2, 0, 1]",2,0.001,137.55358386039734,35.63466426357183,35.63466426357183,10000
8,"[2, 1, 0]",2,0.001,147.03269624710083,10.578787507460355,10.578787507460355,10000
3,all,2,0.001,369.8051588535309,6.423233626471426,6.423233626471426,4621
1,all,2,0.001,199.24619698524475,19.00969894486415,19.00969894486415,5021
0,"[2, 1, 0]",2,0.001,137.8888020515442,55.56036625525168,55.56036625525168,10000
6,all,2,0.001,233.27554488182068,33.84386961951731,33.84386961951731,5093
0,all,2,0.001,366.9136519432068,26.876211217479593,26.876211217479593,5012
0,all,2,0.001,718.3255620002747,0.5479403329414878,0.5479403329414878,4981
8,"[2, 0, 1]",2,0.001,251.0096549987793,7.58646625622962,7.58646625622962,5894
3,all,2,0.001,287.07834124565125,44.74935205998313,44.74935205998313,5823
4,"[2, 0, 1]",2,0.001,117.7426221370697,9.6680137510044,9.6680137510044,10000
6,"[2, 0, 1]",2,0.001,128.743656873703,48.56760062048187,48.56760062048187,10000
4,"[2, 1, 0]",2,0.001,161.95595526695251,11.752848003885907,11.752848003885907,10000
0,all,2,0.001,377.7384479045868,9.546537015658608,9.546537015658608,5035
5,all,2,0.001,116.71527123451233,0.23029131729042884,0.23029131729042884,1699
6,all,2,0.001,474.2853412628174,15.763898440976302,15.763898440976302,5039
3,all,2,0.001,330.431232213974,41.928555950489596,41.928555950489596,3956
0,"[2, 0, 1]",2,0.001,127.38644909858704,55.13800733086613,55.13800733086613,10000
4,all,2,0.001,927.823410987854,0.42467223751321836,0.42467223751321836,4631
1,"[2, 0, 1]",2,0.001,153.0127341747284,84.99867064346896,84.99867064346896,10000
4,all,2,0.001,308.03057885169983,34.55469769683973,34.55469769683973,4376
4,"[2, 0, 1]",2,0.001,162.04877495765686,11.309474417609156,12.44042185937007,5539
1,"[2, 1, 0]",2,0.001,126.41173720359802,43.634112435252035,43.634112435252035,10000
1,"[2, 1, 0]",2,0.001,134.25376915931702,85.67891983704897,85.67891983704897,10000
8,"[2, 0, 1]",2,0.001,122.13928079605103,7.15028406399076,7.922488260849211,3677
1,"[2, 0, 1]",2,0.001,147.64777302742004,17.03933412165997,17.03933412165997,10000
4,"[2, 0, 1]",2,0.001,104.0406060218811,2.996499899537125,2.996499899537125,9999
1,all,2,0.001,478.0798180103302,51.08993796665287,51.08993796665287,5068
0,"[2, 1, 0]",2,0.001,117.00381207466125,61.629173385177424,61.629173385177424,10000
6,"[2, 0, 1]",2,0.001,107.44054889678955,6.4528100185656205,6.4528100185656205,9999
8,"[2, 0, 1]",2,0.001,228.705570936203,10.932425170168917,10.932425170168917,10000
5,"[2, 1, 0]",2,0.001,93.99349617958069,2.7778854741986256,2.7778854741986256,8293
8,all,2,0.001,235.1878378391266,10.998180787912927,10.998180787912927,4973
3,"[2, 0, 1]",2,0.001,212.9986298084259,15.036828914198532,15.036828914198532,10000
1,"[2, 1, 0]",2,0.001,235.7136721611023,89.76861477857939,89.76861477857939,10000
4,"[2, 1, 0]",2,0.001,124.75306582450867,36.494189457857274,36.494189457857274,10000
2,"[2, 1, 0]",2,0.001,123.62369513511658,76.88140358421361,76.88140358421361,9999
7,"[2, 1, 0]",2,0.001,127.44603490829468,43.089387874386,43.17905790954366,9992
0,all,2,0.001,273.2061460018158,15.334061835666258,15.334061835666258,5041
0,"[2, 0, 1]",2,0.001,137.61241793632507,87.06939183391854,87.06939183391854,10000
3,"[2, 1, 0]",2,0.001,210.24983096122742,44.099552811244735,44.099552811244735,10000
8,"[2, 1, 0]",2,0.001,125.55732583999634,9.540983875831543,9.540983875831543,10000
6,all,2,0.001,211.81395816802979,44.52286381142142,44.52286381142142,4908
0,"[2, 0, 1]",2,0.001,188.5955491065979,18.502503015050497,18.502503015050497,10000
7,"[2, 0, 1]",2,0.001,150.88586473464966,28.7588053884428,28.7588053884428,10000
8,"[2, 1, 0]",2,0.001,118.56428694725037,8.33337207649574,8.33337207649574,10000
7,all,2,0.001,954.9773907661438,5.655361760761171,5.655361760761171,3082
5,"[2, 0, 1]",2,0.001,106.14395809173584,4.685874891010652,4.685874891010652,8525
7,all,2,0.001,389.14765906333923,48.54821665434568,48.54821665434568,5862
4,all,2,0.001,272.0070242881775,25.403169855757397,25.403169855757397,5772
1,"[2, 1, 0]",2,0.001,133.92122101783752,1.3572985263584192,1.3572985263584192,10000
0,all,2,0.001,318.83106994628906,61.126097882009844,61.126097882009844,4909
8,all,2,0.001,649.7498869895935,5.173364250851456,5.173364250851456,5442
6,"[2, 1, 0]",2,0.001,122.44845199584961,11.1733218058332,11.1733218058332,10000
5,all,2,0.001,160.79447722434998,0.26587825794951553,0.2658782579495156,1723
6,"[2, 1, 0]",2,0.001,148.08951902389526,42.83513561040771,42.83513561040771,10000
7,all,2,0.001,286.5685019493103,65.30770759339316,65.30770759339316,4465
1,"[2, 0, 1]",2,0.001,114.42440414428711,67.4316923233211,67.4316923233211,10000
8,"[2, 1, 0]",2,0.001,121.0801420211792,8.458331904160685,8.458331904160685,9999
2,all,2,0.001,435.57355976104736,66.10914532812149,66.10914532812149,4994
4,"[2, 1, 0]",2,0.001,182.1325879096985,33.93404104568483,33.93404104568483,10000
1,"[2, 0, 1]",2,0.001,228.27937698364258,8.429311566252075,8.429311566252075,3203
3,"[2, 0, 1]",2,0.001,136.97021079063416,3.006699547248149,3.006699547248149,10000
6,"[2, 1, 0]",2,0.001,113.54572296142578,22.647022046606605,22.647022046606605,10000
0,"[2, 0, 1]",2,0.001,121.00673007965088,95.59790589756074,95.59790589756074,10000
8,all,2,0.001,213.09364199638367,7.756030075454298,7.756030075454298,4661
2,"[2, 1, 0]",2,0.001,126.10829401016235,86.46297369289685,86.46297369289685,10000
5,"[2, 0, 1]",2,0.001,90.15577697753906,2.3657013837127323,2.3657013837127328,4125
5,"[2, 1, 0]",2,0.001,119.02942204475403,5.695756091516033,5.695756091516033,4691
1,all,2,0.001,342.1377239227295,31.746499851574264,31.746499851574264,4990
7,all,2,0.001,239.84579396247864,45.06091533364839,45.06091533364839,3056
1,"[2, 0, 1]",2,0.001,137.78349208831787,51.42765765517002,51.42765765517002,10000
3,all,2,0.001,430.6945688724518,29.06187634971616,29.06187634971616,3223
1,"[2, 0, 1]",2,0.001,161.67371582984924,36.89544014078285,36.89544014078285,3325
2,"[2, 1, 0]",2,0.001,156.01866102218628,89.68927572078255,89.68927572078255,10000
4,all,2,0.001,593.2694578170776,12.067265526151584,12.067265526151584,4408
4,"[2, 0, 1]",2,0.001,240.42405080795288,34.445843359319255,34.445843359319255,10000
0,"[2, 0, 1]",2,0.001,162.9579439163208,11.556210177879223,11.556210177879223,9997
1,all,2,0.001,236.53412008285522,75.90633447494687,75.90633447494687,5014
6,"[2, 1, 0]",2,0.001,123.11249613761902,40.51658301598419,40.51658301598419,10000
6,"[2, 0, 1]",2,0.001,151.49134421348572,3.3291465912395535,3.3291465912395535,10000
3,all,2,0.001,347.14482498168945,45.91501200567271,45.91501200567271,5758
5,all,2,0.001,129.33302211761475,7.894520450899732,7.894520450899732,1698
6,all,2,0.001,495.8274209499359,5.761071971189916,5.761071971189916,5035
1,"[2, 0, 1]",2,0.001,143.8124852180481,8.064068200140785,8.064068200140785,3277
3,"[2, 0, 1]",2,0.001,246.81966400146484,46.77506155017432,46.77506155017432,10000
7,all,2,0.001,520.5031850337982,73.88898893303673,73.88898893303673,6603
1,"[2, 1, 0]",2,0.001,181.78685998916626,42.39587548794917,42.39587548794917,3210
7,all,2,0.001,266.6238570213318,59.28377599381415,59.28377599381415,3651
2,"[2, 1, 0]",2,0.001,140.49515438079834,37.95355635473315,37.95355635473315,9999
8,all,2,0.001,455.9217028617859,8.030493318257257,8.030493318257257,4889
1,"[2, 0, 1]",2,0.001,127.69202089309692,63.740530180807596,63.740530180807596,10000
1,"[2, 1, 0]",2,0.001,148.88753390312195,92.67088576194814,92.67088576194814,10000
6,"[2, 1, 0]",2,0.001,313.9884841442108,2.9943668591137795,2.9943668591137795,3326
5,"[2, 0, 1]",2,0.001,80.61329889297485,4.609384001252223,4.609384001252223,9134
6,"[2, 1, 0]",2,0.001,143.77025294303894,6.820012957124934,6.820012957124934,10000
3,"[2, 0, 1]",2,0.001,121.78650188446045,45.6955634575736,45.6955634575736,10000
3,all,2,0.001,225.25773215293884,43.2949298540521,43.2949298540521,5828
6,all,2,0.001,327.0083038806915,31.50347693088993,31.50347693088993,5008
1,all,2,0.001,246.50695872306824,66.03400139164742,66.03400139164742,5034
1,all,2,0.001,315.753662109375,59.783562450007075,59.783562450007075,4921
3,all,2,0.001,258.8946659564972,38.987365421177195,38.987365421177195,4500
6,"[2, 1, 0]",2,0.001,125.49204802513123,28.90110745603984,28.90110745603984,10000
0,"[2, 1, 0]",2,0.001,125.5620641708374,21.599290195096653,21.599290195096653,10000
7,"[2, 0, 1]",2,0.001,165.77901697158813,32.82614709104614,32.82614709104614,10000
4,"[2, 0, 1]",2,0.001,145.83817386627197,13.054040023756544,13.054040023756544,10000
3,"[2, 1, 0]",2,0.001,92.37085318565369,35.62924316444045,35.62924316444045,2724
1,"[2, 0, 1]",2,0.001,120.04378819465637,23.019290398192737,23.019290398192737,10000
6,"[2, 1, 0]",2,0.001,121.87627816200256,11.156494782673292,11.156494782673292,10000
1,"[2, 1, 0]",2,0.001,137.72114396095276,59.707971630659046,59.707971630659046,10000
6,"[2, 1, 0]",2,0.001,142.21696209907532,50.73711572685437,50.73711572685437,10000
8,"[2, 1, 0]",2,0.001,147.69300317764282,10.234818709997882,10.234818709997882,10000
5,all,2,0.001,175.63702297210693,3.912530371654399,3.912530371654399,1723
5,"[2, 0, 1]",2,0.001,102.2702751159668,3.8884813322211396,3.88848133222114,6394
7,all,2,0.001,685.6846311092377,13.862875316799625,13.891724288167413,3650
0,"[2, 1, 0]",2,0.001,181.6634349822998,46.275311448549914,46.275311448549914,10000
2,all,2,0.001,198.8089439868927,8.88446654675702,8.88446654675702,4304
5,all,2,0.001,178.31106805801392,8.250666696434232,8.250666696434232,1709
2,"[2, 0, 1]",2,0.001,144.53351092338562,17.338551956998494,17.338551956998494,9998
3,"[2, 0, 1]",2,0.001,195.78214025497437,35.49375556775744,35.49375556775744,10000
7,"[2, 0, 1]",2,0.001,158.88200211524963,2.875463211602156,2.8814471185453363,9971
7,"[2, 1, 0]",2,0.001,138.46454191207886,60.75495741277426,60.88138991590211,6188
5,"[2, 1, 0]",2,0.001,98.84232902526855,3.9047911916280698,3.9047911916280698,3817
8,"[2, 0, 1]",2,0.001,135.8629138469696,5.480369592468364,5.480369592468364,10000
4,all,2,0.001,177.69208812713623,22.514215528336152,24.765637081169768,5405
4,all,2,0.001,531.4582130908966,2.373844644508755,2.373844644508755,5995
3,"[2, 0, 1]",2,0.001,112.83182907104492,3.3855500381316963,3.3855500381316963,9999
4,all,2,0.001,794.315248966217,18.559543357295397,18.559543357295397,4386
8,all,2,0.001,350.9329979419708,7.308312910083095,7.308312910083095,5909
6,"[2, 0, 1]",2,0.001,128.58988976478577,4.047332382990932,4.047332382990932,10000
5,all,2,0.001,168.414235830307,1.3539884923564047,1.3539884923564052,1702
1,all,2,0.001,348.2543706893921,97.44984911809783,97.44984911809783,5048
7,all,2,0.001,189.42484307289124,70.20385712674073,70.20385712674073,4026
4,"[2, 0, 1]",2,0.001,156.5019998550415,24.661609033704792,24.661609033704792,10000
6,"[2, 1, 0]",2,0.001,159.2153890132904,3.234434462587895,3.234434462587895,3346
0,"[2, 0, 1]",2,0.001,134.1648678779602,57.29132701530045,57.29132701530045,10000
7,all,2,0.001,197.14961004257202,40.94309858171821,41.02830213810172,3894
6,all,2,0.001,435.19654512405396,45.959947390682046,45.959947390682046,5015
3,"[2, 1, 0]",2,0.001,105.28887724876404,29.101900608901452,29.101900608901452,9999
1,"[2, 0, 1]",2,0.001,126.65532302856445,60.83301308779834,60.83301308779834,10000
6,"[2, 0, 1]",2,0.001,136.45355796813965,22.79107975217536,22.79107975217536,10000
6,"[2, 0, 1]",2,0.001,161.80283498764038,15.479746827967524,15.479746827967524,10000
8,"[2, 0, 1]",2,0.001,143.53343200683594,3.579132861062541,3.579132861062541,10000
5,"[2, 0, 1]",2,0.001,90.01130318641663,2.105632975069176,2.105632975069176,6399
4,all,2,0.001,330.079617023468,14.129683226453075,14.129683226453075,4924
8,all,2,0.001,182.42906308174133,7.7910340810539624,7.7910340810539624,5338
6,all,2,0.001,343.48954820632935,48.9026972273043,48.9026972273043,5098
5,all,2,0.001,170.67674708366394,0.7751881248375447,0.7751881248375447,1747
7,all,2,0.001,425.0944273471832,74.21459775016169,74.21459775016169,4078
7,"[2, 0, 1]",2,0.001,149.6397910118103,61.09992727422692,61.22707766779441,9976
2,all,2,0.001,478.7405529022217,78.09692798108958,78.09692798108958,5029
8,"[2, 0, 1]",2,0.001,136.4255518913269,11.534166566471797,11.534166566471797,10000
8,"[2, 0, 1]",2,0.001,118.85064578056335,11.125967184634808,11.125967184634808,10000
6,all,2,0.001,455.1102101802826,42.63143366573425,42.63143366573425,5019
5,"[2, 1, 0]",2,0.001,93.74396514892578,6.123370326747091,6.123370326747091,5358
1,"[2, 1, 0]",2,0.001,127.68844628334045,32.24552221010165,32.24552221010165,10000
4,"[2, 1, 0]",2,0.001,135.54578685760498,32.21714046284904,32.21714046284904,10000
2,all,2,0.001,420.2335789203644,32.601886718675175,32.601886718675175,5007
1,all,2,0.001,163.6269257068634,23.42068511694592,23.42068511694592,4847
5,"[2, 0, 1]",2,0.001,103.85702466964722,6.906224538142238,6.906224538142238,6981
0,all,2,0.001,240.6848018169403,41.618836037343144,41.618836037343144,5008
1,all,2,0.001,289.4222719669342,74.97804983679433,74.97804983679433,5006
8,"[2, 0, 1]",2,0.001,130.99486684799194,10.707850714750325,10.707850714750325,10000
5,all,2,0.001,128.09116411209106,8.451347728201807,8.451347728201807,1707
6,"[2, 1, 0]",2,0.001,126.30796909332275,23.321442911626992,23.321442911626992,10000
1,all,2,0.001,443.90743708610535,68.69616948076884,68.69616948076884,5007
4,"[2, 0, 1]",2,0.001,124.7511727809906,6.161421118559046,6.161421118559046,9999
1,"[2, 1, 0]",2,0.001,135.52715015411377,98.4053399233351,98.4053399233351,10000
6,"[2, 1, 0]",2,0.001,128.90835905075073,23.75718148959784,23.75718148959784,10000
7,"[2, 1, 0]",2,0.001,130.2384512424469,21.482908309407215,21.527614749633496,10000
4,"[2, 0, 1]",2,0.001,181.83195996284485,48.60843363375592,48.60843363375592,4157
5,"[2, 0, 1]",2,0.001,114.23974704742432,5.429132345283041,5.429132345283042,9677
1,"[2, 0, 1]",2,0.001,113.2524778842926,39.88288168128928,39.88288168128928,9999
1,all,2,0.001,379.70278310775757,99.12028205571836,99.12028205571836,5049
7,"[2, 1, 0]",2,0.001,99.3282721042633,39.85835565745599,39.85835565745599,9995
0,"[2, 0, 1]",2,0.001,118.63542890548706,96.41671596335316,96.41671596335316,9999
4,"[2, 1, 0]",2,0.001,134.44633412361145,32.0128784236138,32.0128784236138,10000
7,"[2, 1, 0]",2,0.001,191.87312507629395,13.398555722674494,13.398555722674494,10000
3,all,2,0.001,672.8994081020355,41.92817615186537,41.92817615186537,4985
7,all,2,0.001,178.8782091140747,13.435457619363593,13.463417124395312,3502
2,all,2,0.001,1013.1868691444397,0.19760495761567143,0.19760495761567143,4923
6,all,2,0.001,250.93705487251282,14.896362965591885,14.896362965591885,5052
6,"[2, 0, 1]",2,0.001,116.34809017181396,28.184009726405655,28.184009726405655,10000
5,all,2,0.001,184.51701712608337,7.080386142607313,7.080386142607314,1717
0,"[2, 0, 1]",2,0.001,159.6063141822815,28.807354271681007,28.807354271681007,10000
3,"[2, 1, 0]",2,0.001,118.03034996986389,25.5446703849097,28.09913742340067,10000
4,"[2, 1, 0]",2,0.001,117.20031905174255,35.82367277022427,35.82367277022427,10000
8,"[2, 1, 0]",2,0.001,178.55276203155518,9.906401815948666,9.906401815948666,10000
3,"[2, 1, 0]",2,0.001,187.3822479248047,45.93115848555949,50.52427433411544,9744
2,"[2, 1, 0]",2,0.001,128.5786271095276,53.10323342774516,53.10323342774516,10000
4,"[2, 1, 0]",2,0.001,148.2582540512085,8.916276237233415,8.916276237233415,10000
5,"[2, 0, 1]",2,0.001,114.60654902458191,5.688976647629309,5.688976647629309,3660
5,"[2, 1, 0]",2,0.001,110.8328971862793,1.1057069821235643,1.1057069821235643,5806
5,"[2, 0, 1]",2,0.001,94.35041689872742,8.892015330555438,8.892015330555438,7141
1,all,2,0.001,385.25431299209595,34.49787923516219,34.49787923516219,5016
1,all,2,0.001,190.60118985176086,59.139234260903635,59.139234260903635,4918
7,"[2, 1, 0]",2,0.001,104.05564212799072,38.02621562372436,38.02621562372436,9993
5,all,2,0.001,181.17627215385437,5.546217832491271,5.546217832491271,1710
8,"[2, 0, 1]",2,0.001,134.53285598754883,7.78866361146446,7.78866361146446,10000
6,all,2,0.001,318.74427485466003,37.12002560666049,37.12002560666049,5076
2,all,2,0.001,339.86644077301025,89.5325125038834,89.5325125038834,5031
4,"[2, 1, 0]",2,0.001,116.71187496185303,28.454627863645015,28.454627863645015,10000
2,"[2, 1, 0]",2,0.001,151.91801404953003,33.96616147159782,33.96616147159782,10000
7,all,2,0.001,400.44353008270264,77.92413537138255,77.92413537138255,4172
6,all,2,0.001,369.8942530155182,36.86328866685319,36.86328866685319,5016
8,"[2, 1, 0]",2,0.001,153.9693329334259,12.430778881668775,12.430778881668775,10000
4,all,2,0.001,255.94795989990234,38.44987179631807,38.44987179631807,4311
5,"[2, 0, 1]",2,0.001,109.42768669128418,4.935367012523035,4.935367012523035,3230
4,"[2, 1, 0]",2,0.001,193.1746928691864,21.95774232404606,21.95774232404606,10000
7,"[2, 1, 0]",2,0.001,158.30885696411133,52.23323276856232,52.23323276856232,10000
2,all,2,0.001,414.01072907447815,61.4717433685935,61.4717433685935,4937
1,all,2,0.001,400.12121295928955,83.92245724194416,83.92245724194416,5006
5,"[2, 0, 1]",2,0.001,107.2700719833374,1.8279554677426022,1.8279554677426022,6276
8,"[2, 1, 0]",2,0.001,105.65054106712341,8.320894396804736,8.320894396804736,10000
7,all,2,0.001,397.54417991638184,0.12307412650383043,0.12307412650383043,2867
0,"[2, 1, 0]",2,0.001,173.2646360397339,75.18874012959719,75.18874012959719,10000
5,"[2, 0, 1]",2,0.001,96.94293308258057,5.59120713406026,5.59120713406026,5771
4,"[2, 0, 1]",2,0.001,127.73507404327393,4.3569391269762665,4.3569391269762665,9999
2,"[2, 0, 1]",2,0.001,183.4855761528015,12.966110209591653,12.966110209591653,10000
7,all,2,0.001,458.99201917648315,20.932123650113834,20.932123650113834,3793
6,"[2, 0, 1]",2,0.001,171.89108681678772,34.180111709078545,34.180111709078545,10000
5,all,2,0.001,203.17596793174744,4.375032668693801,4.375032668693802,1694
8,"[2, 1, 0]",2,0.001,163.79046034812927,8.489633774852496,8.489633774852496,10000
6,all,2,0.001,854.5735130310059,0.2509441327801262,0.2509441327801262,4948
4,"[2, 0, 1]",2,0.001,120.43567490577698,2.08852752628626,2.08852752628626,10000
2,"[2, 0, 1]",2,0.001,123.05324506759644,18.215210744210264,18.215210744210264,10000
7,"[2, 1, 0]",2,0.001,162.4110231399536,5.419782892291947,5.419782892291947,10000
7,"[2, 0, 1]",2,0.001,159.81435799598694,45.328378137426895,45.422707564270276,9971
0,"[2, 1, 0]",2,0.001,126.16200304031372,77.19151988181197,77.19151988181197,9999
3,"[2, 0, 1]",2,0.001,161.67804408073425,12.930549395563219,12.930549395563219,10000
4,"[2, 1, 0]",2,0.001,147.10403299331665,49.871925369553054,49.871925369553054,10000
5,"[2, 1, 0]",2,0.001,84.41694402694702,8.307453183608217,8.307453183608217,5124
5,"[2, 0, 1]",2,0.001,92.56465411186218,4.433618954802293,4.433618954802293,5316
1,"[2, 0, 1]",2,0.001,149.94576573371887,82.41844872898929,82.41844872898929,10000
1,"[2, 1, 0]",2,0.001,125.30505394935608,93.86001242203048,93.86001242203048,10000
8,"[2, 1, 0]",2,0.001,99.23246479034424,7.978861534030225,7.978861534030225,9997
3,all,2,0.001,536.9317948818207,9.266536048394853,9.266536048394853,6006
4,"[2, 0, 1]",2,0.001,160.2169668674469,26.215665775521828,26.215665775521828,10000
4,"[2, 1, 0]",2,0.001,119.22602415084839,7.909388735814904,7.909388735814904,10000
2,"[2, 0, 1]",2,0.001,140.57406067848206,29.51055644064807,29.51055644064807,10000
7,all,2,0.001,374.7486081123352,61.737306787282535,61.865783582689645,6242
0,"[2, 1, 0]",2,0.001,269.77076983451843,51.710172239598094,51.710172239598094,10000
4,all,2,0.001,155.4959728717804,5.756783531699195,5.756783531699195,4572
6,all,2,0.001,313.40975689888,49.38047619188451,49.38047619188451,4980
1,"[2, 1, 0]",2,0.001,127.81877207756042,58.832799664565684,58.832799664565684,10000
1,"[2, 1, 0]",2,0.001,115.42178201675415,80.1869789678687,80.1869789678687,10000
8,"[2, 0, 1]",2,0.001,130.3666651248932,6.741005287509386,6.741005287509386,10000
5,"[2, 1, 0]",2,0.001,92.06642389297485,6.108872165923421,6.108872165923421,7770
4,"[2, 0, 1]",2,0.001,140.1380479335785,44.592217139338956,44.592217139338956,9999
7,"[2, 1, 0]",2,0.001,125.43912506103516,62.1240280286418,62.25330960009748,10000
6,all,2,0.001,205.88338422775269,19.287498799834324,19.287498799834324,5012
5,"[2, 1, 0]",2,0.001,102.51923775672913,1.9412270100367923,1.9412270100367925,4273
2,"[2, 1, 0]",2,0.001,171.3412971496582,44.28905032083421,44.28905032083421,10000
4,"[2, 1, 0]",2,0.001,204.13591313362122,15.900013415867342,15.900013415867342,10000
6,"[2, 0, 1]",2,0.001,282.3275570869446,47.390151494201156,47.390151494201156,10000
0,all,2,0.001,375.6672761440277,38.76731606049809,38.76731606049809,5008
7,"[2, 1, 0]",2,0.001,155.5221562385559,64.56911987505235,64.56911987505235,10000
4,all,2,0.001,186.36115527153015,45.44835160737755,45.44835160737755,4473
1,all,2,0.001,323.001522064209,76.034812677955,76.034812677955,5029
4,"[2, 1, 0]",2,0.001,384.08764576911926,14.193493195695781,15.612842515265358,6036
1,all,2,0.001,393.1550838947296,11.706980755504613,11.706980755504613,5100
0,"[2, 1, 0]",2,0.001,211.1934108734131,94.94612064456692,94.94612064456692,10000
5,"[2, 0, 1]",2,0.001,142.12934803962708,7.716383462257087,7.716383462257088,8649
7,"[2, 1, 0]",2,0.001,182.9343400001526,3.506505874893868,3.506505874893868,10000
3,all,2,0.001,656.4747741222382,16.04679269697521,16.04679269697521,4412
8,"[2, 0, 1]",2,0.001,101.30109596252441,5.250875991074331,5.394148893719964,9254
0,"[2, 0, 1]",2,0.001,125.98067212104797,34.87963115833005,34.87963115833005,10000
4,"[2, 0, 1]",2,0.001,148.37889695167542,36.98208690543676,36.98208690543676,10000
7,all,2,0.001,268.5515069961548,64.54354185548793,64.67785849243468,3781
1,"[2, 0, 1]",2,0.001,259.90602803230286,18.47003738504157,18.47003738504157,10000
8,"[2, 1, 0]",2,0.001,192.6338288784027,7.296556326718954,7.296556326718954,10000
2,all,2,0.001,625.3264918327332,63.63412009456386,63.63412009456386,5024
2,"[2, 1, 0]",2,0.001,201.7230122089386,15.180934064675387,15.180934064675387,10000
2,all,2,0.001,384.79283809661865,53.51810198207686,53.51810198207686,5029
0,"[2, 0, 1]",2,0.001,139.48527717590332,64.56724897046068,64.56724897046068,10000
3,"[2, 0, 1]",2,0.001,129.3523108959198,35.34158501663492,35.34158501663492,10000
2,"[2, 1, 0]",2,0.001,157.81581687927246,68.84893974835964,68.84893974835964,10000
5,"[2, 0, 1]",2,0.001,135.2909951210022,3.717584880382435,3.717584880382435,7451
1,all,2,0.001,433.5536308288574,99.98715911923856,99.98715911923856,5064
3,"[2, 1, 0]",2,0.001,112.75083804130554,17.342194113416507,19.076413524758156,8762
5,all,2,0.001,159.81354117393494,9.31420500663575,9.31420500663575,1751
5,"[2, 0, 1]",2,0.001,115.86091208457947,4.456068097896886,4.456068097896887,7634
3,all,2,0.001,194.82237601280212,11.291283216476184,11.291283216476184,4756
5,"[2, 0, 1]",2,0.001,94.19536781311035,5.255385870298934,5.255385870298934,3112
4,all,2,0.001,297.72643518447876,31.29663153774494,34.42629469151943,5363
7,"[2, 1, 0]",2,0.001,246.83594489097595,40.57418635435977,40.658622195674,9992
0,"[2, 0, 1]",2,0.001,122.93845105171204,89.78766025928904,89.78766025928904,10000
3,"[2, 1, 0]",2,0.001,136.65559220314026,10.731570967708926,10.731570967708926,10000
7,"[2, 0, 1]",2,0.001,121.24363207817078,15.41002064193294,15.41002064193294,10000
6,"[2, 1, 0]",2,0.001,110.76234126091003,20.89932702357854,20.89932702357854,10000
3,all,2,0.001,311.6306462287903,23.42166583139671,23.42166583139671,3004
2,all,2,0.001,281.570200920105,3.9411404616765404,3.9411404616765404,5033
2,all,2,0.001,400.7557678222656,43.700942475618206,43.700942475618206,5036
7,"[2, 1, 0]",2,0.001,222.51280188560486,34.75887977817465,34.75887977817465,10000
7,"[2, 0, 1]",2,0.001,257.59761905670166,45.694680088205274,45.78977179807064,9971
1,all,2,0.001,1463.9843447208405,0.5417163080122744,0.5417163080122744,5015
1,all,2,0.001,415.6265478134155,90.37730814053936,90.37730814053936,5005
4,"[2, 1, 0]",2,0.001,174.72637224197388,29.327036175569802,29.327036175569802,10000
6,"[2, 0, 1]",2,0.001,142.6725058555603,18.98567358656711,18.98567358656711,10000
0,"[2, 1, 0]",2,0.001,128.4094820022583,17.16588162183964,17.16588162183964,10000
0,"[2, 1, 0]",2,0.001,169.55920219421387,27.57616138699901,27.57616138699901,10000
4,"[2, 1, 0]",2,0.001,143.1039309501648,29.358340351748737,29.358340351748737,10000
2,"[2, 0, 1]",2,0.001,127.506844997406,97.06365433970043,97.06365433970043,10000
8,"[2, 0, 1]",2,0.001,151.78835606575012,7.712960990755763,7.712960990755763,10000
0,"[2, 0, 1]",2,0.001,163.8967478275299,7.426904862411476,7.426904862411476,10000
8,all,2,0.001,218.99934005737305,9.746737300782227,9.746737300782227,5395
3,"[2, 0, 1]",2,0.001,160.52231907844543,11.345132483446822,11.345132483446822,10000
1,all,2,0.001,371.9862759113312,98.26512179577688,98.26512179577688,4904
5,all,2,0.001,117.07974219322205,4.4494902264992895,4.4494902264992895,1716
3,all,2,0.001,491.8221061229706,2.786389631295866,2.786389631295866,3080
2,all,2,0.001,656.5327899456024,20.705789331833657,20.705789331833657,4899
7,"[2, 1, 0]",2,0.001,266.7445659637451,34.90716360319648,34.90716360319648,10000
1,"[2, 1, 0]",2,0.001,326.4111821651459,88.77082987634165,88.77082987634165,10000
5,"[2, 1, 0]",2,0.001,116.29643702507019,2.293135874310069,2.293135874310069,8958
7,"[2, 1, 0]",2,0.001,250.52143573760986,49.194742547405134,49.194742547405134,10000
4,all,2,0.001,483.69870686531067,5.170206518941356,5.170206518941356,5141
6,"[2, 0, 1]",2,0.001,209.40052604675293,35.00011875859179,35.00011875859179,3305
5,all,2,0.001,202.32893991470337,1.3880266041760414,1.3880266041760414,1756
1,all,2,0.001,355.9029629230499,30.322502578265542,30.322502578265542,5028
6,"[2, 0, 1]",2,0.001,131.91277599334717,26.026961441518285,26.026961441518285,10000
2,all,2,0.001,255.39241075515747,53.07725581060474,53.07725581060474,4977
8,all,2,0.001,211.3210859298706,11.49978294549647,11.49978294549647,4586
6,"[2, 1, 0]",2,0.001,116.401771068573,9.010694277311618,9.010694277311618,10000
1,"[2, 0, 1]",2,0.001,111.54574203491211,42.56523554906738,42.56523554906738,10000
5,"[2, 1, 0]",2,0.001,89.88176703453064,5.336218652507372,5.336218652507373,7750
5,"[2, 0, 1]",2,0.001,108.0219247341156,9.326000259794728,9.326000259794728,9953
5,"[2, 0, 1]",2,0.001,136.70221209526062,1.2792248729007016,1.2792248729007016,7184
7,"[2, 0, 1]",2,0.001,185.54623293876648,71.13983388626089,71.28787756291482,9978
7,"[2, 1, 0]",2,0.001,97.7590389251709,35.90451543700195,35.979233582707344,9992
1,all,2,0.001,210.06010603904724,39.00010572654718,39.00010572654718,5045
8,all,2,0.001,501.1097238063812,10.950278699608646,10.950278699608646,4930
0,all,2,0.001,319.188236951828,18.92753295553756,18.92753295553756,4983
4,"[2, 1, 0]",2,0.001,120.59826993942261,37.02028737966665,37.02028737966665,10000
0,"[2, 1, 0]",2,0.001,114.56609392166138,52.596531883351844,52.596531883351844,10000
1,"[2, 0, 1]",2,0.001,128.5057089328766,81.76837415807468,81.76837415807468,10000
1,"[2, 1, 0]",2,0.001,131.5039939880371,24.920538615219144,24.920538615219144,3341
4,all,2,0.001,290.1693320274353,33.33680153908829,33.33680153908829,4722
2,"[2, 0, 1]",2,0.001,124.5295741558075,56.997922395946176,56.997922395946176,10000
1,all,2,0.001,220.00374579429626,33.03692385483774,33.03692385483774,4902
7,"[2, 0, 1]",2,0.001,150.47848892211914,42.878176721648515,42.967407221402546,9978
8,"[2, 0, 1]",2,0.001,206.23974871635437,10.449925908732475,10.849161036301911,8925
7,"[2, 0, 1]",2,0.001,193.73020195960999,56.861005112538834,56.97933420884452,9982
6,all,2,0.001,502.5113043785095,12.913154097333468,12.913154097333468,4915
3,"[2, 1, 0]",2,0.001,235.82180619239807,26.78544762797884,26.78544762797884,10000
7,"[2, 0, 1]",2,0.001,249.56867003440857,38.639656701758675,38.639656701758675,10000
4,"[2, 0, 1]",2,0.001,139.3952579498291,23.385868042778664,23.385868042778664,10000
1,"[2, 0, 1]",2,0.001,168.98147630691528,50.8820536632726,50.8820536632726,10000
4,"[2, 1, 0]",2,0.001,239.8011429309845,45.76343874106668,50.33978261517335,6094
4,all,2,0.001,506.24775290489197,28.962390745842065,28.962390745842065,4818
8,all,2,0.001,584.2939381599426,4.5193823096975,4.5193823096975,4632
5,"[2, 1, 0]",2,0.001,106.38603019714355,3.9172405957072787,3.9172405957072787,7002
1,"[2, 0, 1]",2,0.001,177.55823278427124,54.25301808110625,54.25301808110625,10000
3,"[2, 1, 0]",2,0.001,164.20992588996887,33.75344544093493,37.128789985028426,9721
4,"[2, 1, 0]",2,0.001,115.09701609611511,21.40741266519874,21.40741266519874,10000
3,all,2,0.001,407.43963408470154,4.850363929758695,4.850363929758695,5942
7,"[2, 0, 1]",2,0.001,235.3886260986328,32.31106579911816,32.37830589114812,9987
6,"[2, 1, 0]",2,0.001,139.12748217582703,6.975118798546195,6.975118798546195,10000
3,all,2,0.001,191.58233189582825,24.33417533140052,24.33417533140052,3462
0,"[2, 1, 0]",2,0.001,138.0119743347168,68.87054255588984,68.87054255588984,9999
2,"[2, 0, 1]",2,0.001,137.97091007232666,3.0024388131814295,3.0024388131814295,9998
1,"[2, 1, 0]",2,0.001,127.50548005104065,44.74892309471617,44.74892309471617,10000
4,all,2,0.001,255.08916807174683,0.4041174634073996,0.4445292097481396,3899
0,"[2, 0, 1]",2,0.001,126.8235547542572,2.971891425716444,2.971891425716444,10000
2,"[2, 0, 1]",2,0.001,107.63323616981506,10.793610910078556,10.793610910078556,10000
4,"[2, 1, 0]",2,0.001,138.78975677490234,34.210381429642545,34.210381429642545,10000
0,"[2, 1, 0]",2,0.001,180.76189398765564,72.79404228784617,72.79404228784617,10000
0,"[2, 0, 1]",2,0.001,164.25872898101807,11.245267612054366,11.245267612054366,10000
6,"[2, 1, 0]",2,0.001,127.42537593841553,12.917170180845499,12.917170180845499,9999
8,all,2,0.001,297.9847731590271,8.309547562347802,8.309547562347802,4511
8,"[2, 1, 0]",2,0.001,126.52631282806396,13.379033850463994,13.379033850463994,10000
3,"[2, 1, 0]",2,0.001,260.9585220813751,3.974996748925763,3.974996748925763,4105
3,"[2, 1, 0]",2,0.001,214.6646740436554,32.84823550406855,32.84823550406855,10000
5,all,2,0.001,236.60004019737244,4.058778100742736,4.058778100742736,1736
0,"[2, 0, 1]",2,0.001,181.0738170146942,6.7370434868932785,6.7370434868932785,10000
8,"[2, 1, 0]",2,0.001,262.4133288860321,10.213645145625172,10.213645145625172,10000
5,all,2,0.001,255.78749227523804,4.367109877937426,4.367109877937426,1705
7,all,2,0.001,591.819680929184,57.13649603831073,57.255398437747836,5591
5,all,2,0.001,236.0230691432953,0.9233478312225962,0.9233478312225962,1713
4,all,2,0.001,410.73564171791077,28.203392174553766,31.02373139200914,2873
7,"[2, 0, 1]",2,0.001,208.81950068473816,67.80687037123407,67.80687037123407,9916
2,"[2, 0, 1]",2,0.001,191.2864990234375,83.79959942116685,83.79959942116685,10000
2,"[2, 1, 0]",2,0.001,181.86959600448608,97.2811275535528,97.2811275535528,10000
5,"[2, 1, 0]",2,0.001,143.15686798095703,3.362774220841541,3.3627742208415414,3648
4,all,2,0.001,642.075670003891,19.96774098901423,19.96774098901423,4549
2,"[2, 0, 1]",2,0.001,397.4022650718689,38.872142117878155,38.872142117878155,10000
0,all,2,0.001,438.75941491127014,55.26963348146373,55.26963348146373,4913
6,all,2,0.001,366.81980085372925,46.263430475673346,46.263430475673346,5049
6,all,2,0.001,487.60979080200195,33.15793494371397,33.15793494371397,5055
1,"[2, 1, 0]",2,0.001,177.19308376312256,36.39314234978768,36.39314234978768,10000
6,"[2, 1, 0]",2,0.001,146.65180802345276,3.0639956649982354,3.0639956649982354,10000
1,all,2,0.001,570.9373531341553,11.148174481569061,11.148174481569061,5080
0,"[2, 1, 0]",2,0.001,243.1659128665924,73.93095015004577,73.93095015004577,10000
7,"[2, 0, 1]",2,0.001,180.18221616744995,70.6715316612713,70.6715316612713,9748
1,"[2, 0, 1]",2,0.001,289.71315026283264,18.71020990140423,18.71020990140423,10000
2,"[2, 1, 0]",2,0.001,244.2603461742401,1.274227046597265,1.274227046597265,10000
6,"[2, 0, 1]",2,0.001,145.67254614830017,21.426244901110287,21.426244901110287,9999
1,"[2, 1, 0]",2,0.001,193.21221804618835,9.808049173305811,9.808049173305811,10000
8,all,2,0.001,462.6583549976349,9.754787428541047,10.106276088561359,3512
4,"[2, 1, 0]",2,0.001,235.7792010307312,36.71576605991293,36.71576605991293,10000
6,"[2, 1, 0]",2,0.001,233.69764924049377,0.374608063255118,0.374608063255118,10000
2,"[2, 0, 1]",2,0.001,171.35171127319336,15.275556605750518,15.275556605750518,10000
3,"[2, 1, 0]",2,0.001,221.52671265602112,38.74699247670164,38.74699247670164,10000
2,all,2,0.001,355.0155460834503,95.97919602014314,95.97919602014314,5016
3,"[2, 0, 1]",2,0.001,140.42765021324158,6.8620879567889705,6.8620879567889705,9999
4,all,2,0.001,447.5948989391327,10.630182489626499,10.630182489626499,4337
3,all,2,0.001,201.1455090045929,41.49609695017153,41.49609695017153,4510
3,all,2,0.001,610.8186020851135,2.0983654478539115,2.0983654478539115,3138
8,"[2, 1, 0]",2,0.001,133.2341148853302,10.273230734297842,10.273230734297842,10000
1,"[2, 1, 0]",2,0.001,140.87019538879395,52.3223025615966,52.3223025615966,10000
4,all,2,0.001,781.6331331729889,8.585470501868725,8.585470501868725,4275
4,all,2,0.001,528.6443169116974,21.716211657892504,21.716211657892504,4405
2,"[2, 0, 1]",2,0.001,125.65625500679016,83.00647006539799,83.00647006539799,10000
3,"[2, 0, 1]",2,0.001,250.2393651008606,48.18850973727472,48.18850973727472,10000
1,"[2, 0, 1]",2,0.001,130.16270995140076,33.35379378107844,33.35379378107844,10000
4,"[2, 1, 0]",2,0.001,117.44864106178284,17.669575671050463,17.669575671050463,10000
0,all,2,0.001,293.26527404785156,58.92440711757299,58.92440711757299,4881
6,"[2, 0, 1]",2,0.001,119.46965026855469,35.903287261069146,35.903287261069146,9999
6,"[2, 1, 0]",2,0.001,148.78768110275269,18.378363890542285,18.378363890542285,10000
5,"[2, 1, 0]",2,0.001,111.72874402999878,5.267832096871656,5.267832096871656,3971
6,all,2,0.001,321.6688210964203,14.3910633851593,14.3910633851593,4988
3,all,2,0.001,646.7611649036407,30.37122701274893,30.37122701274893,4497
1,"[2, 1, 0]",2,0.001,112.8795018196106,22.024067664323,22.024067664323,9999
4,"[2, 1, 0]",2,0.001,174.39841198921204,47.31213626673908,47.31213626673908,10000
2,all,2,0.001,354.02269315719604,59.53083425203641,59.53083425203641,5113
8,all,2,0.001,161.89783906936646,5.234206761402432,5.869611064665763,3980
5,"[2, 0, 1]",2,0.001,124.33948278427124,0.6349251297532186,0.6349251297532187,9725
4,"[2, 1, 0]",2,0.001,138.8528220653534,35.17820445737065,35.17820445737065,10000
1,"[2, 1, 0]",2,0.001,165.1292700767517,95.70482140085998,95.70482140085998,10000
6,"[2, 0, 1]",2,0.001,136.03873777389526,49.54363013478683,49.54363013478683,10000
1,"[2, 1, 0]",2,0.001,147.49894309043884,67.05754227032699,67.05754227032699,10000
6,all,2,0.001,302.0784912109375,34.59418306919274,34.59418306919274,4732
3,all,2,0.001,784.8827242851257,1.5830534211216942,1.5830534211216942,4424
7,"[2, 1, 0]",2,0.001,112.68426489830017,68.93379658589521,69.07724944675802,9983
2,"[2, 0, 1]",2,0.001,231.08824586868286,46.86937880955977,46.86937880955977,10000
7,"[2, 1, 0]",2,0.001,253.38588213920593,11.566735440482868,11.566735440482868,10000
3,all,2,0.001,345.91914319992065,40.475715284045094,40.475715284045094,4623
5,"[2, 1, 0]",2,0.001,117.92327189445496,4.006951024714716,4.006951024714716,5218
1,"[2, 0, 1]",2,0.001,148.33532691001892,41.415662757566906,41.415662757566906,10000
4,"[2, 0, 1]",2,0.001,144.0327341556549,20.719600487973423,20.719600487973423,2836
4,all,2,0.001,240.00586819648743,35.79552126687665,35.79552126687665,3207
2,"[2, 0, 1]",2,0.001,178.53302192687988,5.048710956885028,5.048710956885028,10000
1,"[2, 0, 1]",2,0.001,148.0709090232849,13.314227526853195,13.314227526853195,10000
2,"[2, 0, 1]",2,0.001,256.54192996025085,95.63734276659558,95.63734276659558,10000
5,"[2, 1, 0]",2,0.001,115.259840965271,6.017588253246347,6.017588253246348,6313
8,"[2, 1, 0]",2,0.001,126.36823678016663,10.317271472981005,10.317271472981005,10000
6,"[2, 1, 0]",2,0.001,120.656485080719,16.700296580262705,16.700296580262705,10000
5,"[2, 0, 1]",2,0.001,105.04872703552246,2.04097041130498,2.04097041130498,3264
0,all,2,0.001,245.90471005439758,28.61513834144791,28.61513834144791,5019
3,all,2,0.001,272.08714485168457,3.911713955643897,4.302885351208287,5229
8,all,2,0.001,527.6671786308289,8.429519818992569,8.429519818992569,4759
6,"[2, 1, 0]",2,0.001,119.93376612663269,15.873126215065323,15.873126215065323,10000
5,all,2,0.001,158.25866508483887,2.5826482107268856,2.5826482107268856,1703
1,"[2, 0, 1]",2,0.001,137.6112711429596,33.14339163620175,33.14339163620175,10000
1,"[2, 1, 0]",2,0.001,206.8315408229828,83.58237373710364,83.58237373710364,10000
8,"[2, 1, 0]",2,0.001,188.5479040145874,11.65286394831,11.65286394831,10000
1,all,2,0.001,462.04743003845215,71.6028323616149,71.6028323616149,5040
5,"[2, 0, 1]",2,0.001,84.81645083427429,4.661351661388936,4.661351661388936,7731
1,"[2, 1, 0]",2,0.001,195.82266092300415,40.79088100329144,40.79088100329144,10000
0,"[2, 1, 0]",2,0.001,180.39658999443054,32.363713075164036,32.363713075164036,10000
7,all,2,0.001,268.1984531879425,43.053321864970144,43.053321864970144,4377
2,"[2, 0, 1]",2,0.001,143.89159297943115,62.92428154515858,62.92428154515858,10000
3,"[2, 1, 0]",2,0.001,153.02542185783386,39.76898515860246,39.76898515860246,10000
5,all,2,0.001,150.39428210258484,4.957694712762224,4.957694712762224,1702
4,"[2, 0, 1]",2,0.001,105.70556688308716,32.77610473260313,32.77610473260313,9999
6,"[2, 0, 1]",2,0.001,121.12281489372253,22.944919870255863,22.944919870255863,10000
2,all,2,0.001,197.50081300735474,36.36933578901398,36.36933578901398,4981
8,"[2, 0, 1]",2,0.001,127.95234417915344,12.491273588520295,12.491273588520295,10000
3,"[2, 1, 0]",2,0.001,134.5689992904663,39.31399076561585,39.31399076561585,10000
1,"[2, 1, 0]",2,0.001,122.41245293617249,58.027394808475954,58.027394808475954,10000
7,"[2, 1, 0]",2,0.001,153.0303521156311,8.39532510915144,8.39532510915144,9963
0,all,2,0.001,566.9013690948486,83.92811902644155,83.92811902644155,4983
2,"[2, 1, 0]",2,0.001,114.27067112922668,28.152488512731367,28.152488512731367,10000
0,"[2, 0, 1]",2,0.001,111.29619789123535,4.736917662130424,4.736917662130424,10000
6,"[2, 1, 0]",2,0.001,130.26648426055908,30.905477845354056,45.75805327082507,3325
6,"[2, 0, 1]",2,0.001,156.98972702026367,40.295275526666735,40.295275526666735,10000
1,"[2, 0, 1]",2,0.001,138.48069095611572,87.51624689077448,87.51624689077448,10000
5,"[2, 0, 1]",2,0.001,126.05733704566956,9.789983143333004,9.789983143333004,6873
3,"[2, 1, 0]",2,0.001,130.15796494483948,38.59780000653301,42.45758000718631,8890
3,"[2, 0, 1]",2,0.001,147.93944120407104,2.7826421179520615,2.7826421179520615,10000
6,all,2,0.001,273.30857276916504,39.3759115291296,39.3759115291296,4936
4,all,2,0.001,447.1427891254425,32.83045563775106,32.83045563775106,4391
3,"[2, 1, 0]",2,0.001,167.3744158744812,20.810555688948188,20.810555688948188,4219
1,all,2,0.001,192.74798488616943,0.34109180549484197,0.34109180549484197,4866
4,all,2,0.001,502.87826919555664,32.70059555583538,32.70059555583538,3455
2,all,2,0.001,325.355388879776,49.57245980110572,49.57245980110572,5013
2,"[2, 0, 1]",2,0.001,182.87249088287354,17.87766136187531,17.87766136187531,10000
2,"[2, 0, 1]",2,0.001,191.34392428398132,57.53913035957909,57.53913035957909,10000
8,"[2, 0, 1]",2,0.001,124.92647123336792,7.105719758251879,7.105719758251879,9997
0,all,2,0.001,284.09173703193665,16.68334419820089,16.68334419820089,5050
4,"[2, 0, 1]",2,0.001,129.1316032409668,4.036978796698765,4.440676676368642,8855
7,"[2, 0, 1]",2,0.001,144.89180397987366,15.353090674855931,15.353090674855931,10000
7,"[2, 0, 1]",2,0.001,211.25755286216736,65.9431671954989,66.08039648587699,9968
7,"[2, 0, 1]",2,0.001,150.50602507591248,14.22359004894356,14.253189676199232,9966
3,all,2,0.001,350.6894977092743,13.047528698469247,14.35228156831617,4041
2,"[2, 1, 0]",2,0.001,168.04517197608948,65.0457550465122,65.0457550465122,10000
3,"[2, 1, 0]",2,0.001,127.58618092536926,41.696960522867826,41.696960522867826,10000
0,"[2, 0, 1]",2,0.001,133.1500449180603,68.90490902301315,68.90490902301315,9999
8,"[2, 1, 0]",2,0.001,210.03886103630066,4.146278493795049,4.146278493795049,4211
2,"[2, 1, 0]",2,0.001,170.63300609588623,88.58153538464435,88.58153538464435,10000
6,all,2,0.001,365.6492192745209,37.77406087105245,37.77406087105245,5053
6,"[2, 1, 0]",2,0.001,203.5602548122406,24.476526060951564,24.476526060951564,10000
4,all,2,0.001,297.73970890045166,46.27892216473323,46.27892216473323,3557
5,"[2, 1, 0]",2,0.001,145.68542790412903,7.367224125837067,7.367224125837067,6192
3,all,2,0.001,375.0802137851715,21.678596805716804,23.84645648628848,5135
1,"[2, 0, 1]",2,0.001,180.2824969291687,21.0769986548638,21.0769986548638,10000
7,"[2, 0, 1]",2,0.001,191.72430181503296,63.02452209446813,63.15567761536995,9974
2,"[2, 1, 0]",2,0.001,218.7321059703827,54.7752111067291,54.7752111067291,10000
2,all,2,0.001,548.7628438472748,52.140542112347404,52.140542112347404,5009
2,"[2, 1, 0]",2,0.001,211.00212907791138,33.822277983536985,33.822277983536985,10000
6,all,2,0.001,530.5265719890594,47.45426526129665,47.45426526129665,5027
0,"[2, 1, 0]",2,0.001,291.8317220211029,48.63259788212875,48.63259788212875,10000
3,"[2, 0, 1]",2,0.001,241.0220079421997,7.133758428444602,7.133758428444602,10000
5,"[2, 0, 1]",2,0.001,161.38030624389648,4.82626206063569,4.82626206063569,3285
8,"[2, 0, 1]",2,0.001,222.8855950832367,11.94846238590791,13.390217557562625,8905
8,"[2, 1, 0]",2,0.001,155.24155592918396,12.582614718255925,12.582614718255925,10000
6,all,2,0.001,429.05677580833435,39.140767440598744,39.140767440598744,4917
6,"[2, 1, 0]",2,0.001,176.30356311798096,29.642643622491153,29.642643622491153,10000
3,all,2,0.001,271.3186559677124,31.71950544545688,34.89145599000257,2891
8,"[2, 0, 1]",2,0.001,211.4848849773407,14.843945496909573,14.843945496909573,4142
2,"[2, 1, 0]",2,0.001,161.56892228126526,72.07254053595307,72.07254053595307,10000
0,"[2, 0, 1]",2,0.001,141.14573884010315,59.47479982662847,59.47479982662847,10000
2,"[2, 0, 1]",2,0.001,169.34353280067444,75.4056660408862,75.4056660408862,10000
0,"[2, 1, 0]",2,0.001,192.422767162323,34.75224478975938,34.75224478975938,10000
3,"[2, 1, 0]",2,0.001,185.05031299591064,48.619412889988276,48.619412889988276,10000
2,"[2, 1, 0]",2,0.001,191.01153111457825,17.509870515565552,17.509870515565552,10000
8,"[2, 0, 1]",2,0.001,180.24281787872314,8.1965341128482,8.1965341128482,10000
6,all,2,0.001,611.841411113739,16.520058463078232,16.520058463078232,5078
1,"[2, 1, 0]",2,0.001,166.68324494361877,43.71911909552219,43.71911909552219,9999
3,all,2,0.001,798.4877378940582,9.274734965689479,9.274734965689479,4248
3,"[2, 0, 1]",2,0.001,139.1533329486847,13.70849005242787,13.70849005242787,10000
6,"[2, 0, 1]",2,0.001,206.490553855896,7.656126104193113,7.656126104193113,10000
3,all,2,0.001,335.5165009498596,17.49809237799879,17.49809237799879,4984
6,all,2,0.001,721.2835772037506,45.04208286997061,45.04208286997061,4946
0,all,2,0.001,463.0784170627594,72.92156562729468,72.92156562729468,4932
5,all,2,0.001,144.18670010566711,8.417442298410563,8.417442298410563,1697
6,all,2,0.001,361.588182926178,47.26424301779247,47.26424301779247,5011
8,all,2,0.001,246.81240487098694,9.509831700752656,9.509831700752656,4819
4,"[2, 0, 1]",2,0.001,107.00486183166504,1.2888425318460017,1.2888425318460017,10000
0,"[2, 0, 1]",2,0.001,111.85184121131897,58.606891845072084,58.606891845072084,10000
5,"[2, 1, 0]",2,0.001,104.52294397354126,4.469907282948971,4.469907282948972,6493
3,"[2, 1, 0]",2,0.001,121.47518277168274,22.577590228195128,22.577590228195128,10000
3,all,2,0.001,267.2124276161194,38.94045730049451,38.94045730049451,4569
5,all,2,0.001,155.64723682403564,8.198062912424755,8.198062912424755,1740
0,"[2, 0, 1]",2,0.001,123.88955593109131,52.190744983075106,52.190744983075106,10000
5,"[2, 1, 0]",2,0.001,92.06092309951782,3.724595500687145,3.724595500687145,4061
1,"[2, 0, 1]",2,0.001,113.29359531402588,24.193958313536292,24.193958313536292,9998
1,"[2, 1, 0]",2,0.001,110.26272773742676,76.10211987359044,76.10211987359044,10000
4,"[2, 1, 0]",2,0.001,151.29330682754517,12.20170610100022,12.20170610100022,10000
8,"[2, 1, 0]",2,0.001,105.94287586212158,8.851177195162439,8.851177195162439,10000
3,all,2,0.001,681.9151728153229,4.936813945526236,4.936813945526236,4688
2,all,2,0.001,200.55820393562317,33.70715995039597,33.70715995039597,4835
3,"[2, 0, 1]",2,0.001,117.54800391197205,39.738842960830524,39.738842960830524,10000
6,"[2, 1, 0]",2,0.001,124.53551006317139,24.19298289504238,24.19298289504238,10000
8,"[2, 0, 1]",2,0.001,102.17126178741455,8.27187472876239,8.27187472876239,10000
8,"[2, 1, 0]",2,0.001,156.75539088249207,8.505791965883656,8.505791965883656,10000
8,"[2, 0, 1]",2,0.001,160.18406081199646,9.649940552035964,9.649940552035964,10000
8,"[2, 0, 1]",2,0.001,160.02205085754395,11.858498055394309,11.858498055394309,10000
3,all,2,0.001,307.392009973526,17.239124976104407,17.239124976104407,4712
2,"[2, 1, 0]",2,0.001,137.36862897872925,16.20740785616769,16.20740785616769,10000
8,all,2,0.001,588.8089790344238,6.32818563513328,6.32818563513328,5169
3,"[2, 1, 0]",2,0.001,135.8714051246643,6.816430096127068,7.498073105739776,10000
6,"[2, 1, 0]",2,0.001,122.20188188552856,14.578339621612807,14.578339621612807,10000
8,"[2, 0, 1]",2,0.001,136.26235795021057,3.606527807763314,3.606527807763314,10000
7,"[2, 1, 0]",2,0.001,270.13597989082336,48.226443234905645,48.3268036037512,4807
0,"[2, 1, 0]",2,0.001,157.38926911354065,76.41594190933063,76.41594190933063,10000
3,all,2,0.001,241.7445981502533,36.56912842582218,40.226041268404394,5820
6,"[2, 1, 0]",2,0.001,171.76150584220886,15.949322336508091,15.949322336508091,10000
1,"[2, 1, 0]",2,0.001,171.94369530677795,25.382872955352852,25.382872955352852,3364
1,"[2, 1, 0]",2,0.001,357.59860396385193,48.185551422738556,48.185551422738556,10000
2,"[2, 1, 0]",2,0.001,289.96979689598083,85.01678120516145,85.01678120516145,10000
7,all,2,0.001,214.01805901527405,37.00276083260713,37.079764452952425,3723
1,all,2,0.001,482.95684480667114,87.53632390838911,87.53632390838911,4901
2,all,2,0.001,460.76792192459106,68.50178687347244,68.50178687347244,5009
6,"[2, 1, 0]",2,0.001,117.29956007003784,0.537747351497197,0.537747351497197,9999
3,"[2, 0, 1]",2,0.001,115.97008109092712,28.330948999163788,28.330948999163788,10000
2,all,2,0.001,298.8926908969879,64.71907276750949,64.71907276750949,5009
7,"[2, 0, 1]",2,0.001,144.08737301826477,23.089459594950725,23.089459594950725,10000
5,all,2,0.001,164.52652788162231,5.665265133909507,5.665265133909507,1717
4,"[2, 1, 0]",2,0.001,155.3844699859619,1.6575107728316496,1.6575107728316496,10000
5,"[2, 0, 1]",2,0.001,99.95344996452332,9.234696730977394,9.234696730977396,8974
3,all,2,0.001,473.4394917488098,27.94365755814114,27.94365755814114,4447
5,"[2, 0, 1]",2,0.001,95.19956874847412,6.051629973547818,6.051629973547818,8184
7,"[2, 0, 1]",2,0.001,136.74519515037537,48.66110770865442,48.66110770865442,10000
2,"[2, 0, 1]",2,0.001,220.3068549633026,40.661698945996136,40.661698945996136,10000
5,"[2, 0, 1]",2,0.001,120.36831521987915,8.271170958712487,8.271170958712487,4577
0,all,2,0.001,222.70538187026978,34.66806439270718,34.66806439270718,4884
4,"[2, 1, 0]",2,0.001,134.32789182662964,10.129279721705213,10.129279721705213,10000
2,"[2, 0, 1]",2,0.001,170.82518815994263,46.8237834230886,46.8237834230886,10000
6,"[2, 1, 0]",2,0.001,151.6365261077881,9.093250764306825,9.093250764306825,10000
4,all,2,0.001,258.87625217437744,48.983111215044,48.983111215044,5032
4,all,2,0.001,217.84610199928284,16.831712891911177,16.831712891911177,4885
8,all,2,0.001,435.1477828025818,11.857457441656411,11.857457441656411,4736
2,"[2, 0, 1]",2,0.001,151.21251893043518,25.190763802392368,25.190763802392368,10000
8,"[2, 0, 1]",2,0.001,198.97754883766174,7.304802306161392,7.304802306161392,10000
6,all,2,0.001,475.3843491077423,2.5565459634552923,2.5565459634552923,5065
4,all,2,0.001,627.1735062599182,40.58300206991015,40.58300206991015,4845
0,all,2,0.001,367.0907070636749,42.97700504563744,42.97700504563744,5069
0,all,2,0.001,288.5204930305481,19.0192509926026,19.0192509926026,5092
5,"[2, 0, 1]",2,0.001,126.63242697715759,8.490882273852273,8.490882273852275,3237
1,"[2, 0, 1]",2,0.001,135.01188206672668,13.470435442666629,13.470435442666629,10000
3,all,2,0.001,323.7703380584717,12.93074360007438,12.93074360007438,4700
5,"[2, 1, 0]",2,0.001,113.01779890060425,9.668547471937407,9.668547471937407,5945
8,"[2, 1, 0]",2,0.001,150.78433108329773,7.01947977744274,7.01947977744274,10000
1,all,2,0.001,275.7294981479645,15.115608896894294,15.115608896894294,4893
5,all,2,0.001,152.840829372406,8.35125890191642,8.35125890191642,1740
6,"[2, 1, 0]",2,0.001,137.7664589881897,22.21985152957122,22.21985152957122,10000
3,"[2, 1, 0]",2,0.001,130.78892397880554,29.52907042723844,29.52907042723844,10000
1,"[2, 1, 0]",2,0.001,124.50895190238953,8.52314291652856,8.52314291652856,9999
2,all,2,0.001,453.06097984313965,76.73629871365384,76.73629871365384,5076
4,"[2, 0, 1]",2,0.001,175.46497917175293,24.300585058821653,24.300585058821653,2839
0,"[2, 1, 0]",2,0.001,145.82649183273315,40.433806543136185,40.433806543136185,10000
1,"[2, 1, 0]",2,0.001,128.36198115348816,35.659828889148486,35.659828889148486,10000
0,all,2,0.001,391.87421202659607,19.012029392641338,19.012029392641338,5010
1,all,2,0.001,335.1699459552765,97.31169027657418,97.31169027657418,4912
0,"[2, 1, 0]",2,0.001,163.5597369670868,93.2335269654435,93.2335269654435,10000
0,"[2, 1, 0]",2,0.001,136.9917471408844,1.3820813595256995,1.3820813595256995,10000
6,all,2,0.001,300.02683329582214,46.16495867935096,46.16495867935096,5086
3,all,2,0.001,226.81137704849243,24.781416939685673,27.259558633654244,3352
5,all,2,0.001,155.00975704193115,1.5356984861674614,1.5356984861674614,1702
8,"[2, 0, 1]",2,0.001,126.96287775039673,9.319087558245826,9.319087558245826,9999
2,"[2, 0, 1]",2,0.001,275.47068977355957,66.80296554091342,66.80296554091342,10000
8,"[2, 0, 1]",2,0.001,157.68574595451355,10.732247448197377,10.732247448197377,10000
3,all,2,0.001,1067.5693089962006,24.191934629954236,24.191934629954236,4476
6,"[2, 1, 0]",2,0.001,244.52941584587097,16.35237896959779,16.35237896959779,10000
4,"[2, 0, 1]",2,0.001,163.79671597480774,9.818804583680036,9.818804583680036,10000
7,"[2, 1, 0]",2,0.001,120.85916686058044,10.40930355357835,10.40930355357835,10000
2,"[2, 0, 1]",2,0.001,263.8866512775421,43.786257784159446,43.786257784159446,10000
0,"[2, 0, 1]",2,0.001,172.3250539302826,4.832496068652569,4.832496068652569,10000
7,"[2, 1, 0]",2,0.001,203.3206708431244,60.84530097020606,60.84530097020606,10000
0,"[2, 0, 1]",2,0.001,194.42535209655762,29.130683502344844,29.130683502344844,10000
8,"[2, 0, 1]",2,0.001,315.9603371620178,13.893550522764631,13.893550522764631,10000
1,all,2,0.001,637.5817110538483,99.4724034675757,99.4724034675757,5026
2,all,2,0.001,552.5094909667969,9.117276100587834,9.117276100587834,4958
1,all,2,0.001,375.1174421310425,65.61413489840011,65.61413489840011,5111
2,"[2, 0, 1]",2,0.001,234.23564529418945,61.38762122281878,61.38762122281878,10000
1,"[2, 0, 1]",2,0.001,405.318617105484,93.72727524893668,93.72727524893668,10000
7,"[2, 1, 0]",2,0.001,234.98470401763916,64.93989916820858,64.93989916820858,10000
8,"[2, 1, 0]",2,0.001,155.70489501953125,9.552040737211021,9.552040737211021,10000
4,"[2, 0, 1]",2,0.001,184.9289767742157,40.141488166575854,40.141488166575854,4161
7,all,2,0.001,275.2177860736847,23.436988397792902,23.4857613248938,5623
0,all,2,0.001,323.33699893951416,91.66015430671976,91.66015430671976,4988
0,all,2,0.001,550.7604999542236,48.51407059513414,48.51407059513414,5074
0,"[2, 1, 0]",2,0.001,182.11572408676147,11.311159710715213,11.311159710715213,10000
2,"[2, 1, 0]",2,0.001,174.9559199810028,7.580781711730699,7.580781711730699,10000
8,"[2, 0, 1]",2,0.001,248.7864887714386,7.963695323834416,7.963695323834416,10000
6,all,2,0.001,377.5300762653351,42.68537513425007,42.68537513425007,4990
2,"[2, 0, 1]",2,0.001,254.98925805091858,91.67993135023818,91.67993135023818,10000
2,"[2, 1, 0]",2,0.001,163.93771862983704,97.37327873149721,97.37327873149721,9999
4,"[2, 1, 0]",2,0.001,192.19618201255798,12.615332091494587,12.615332091494587,10000
8,"[2, 1, 0]",2,0.001,407.93426489830017,6.208390643789622,6.208390643789622,4261
3,"[2, 0, 1]",2,0.001,234.64676189422607,45.14620279367978,45.14620279367978,10000
7,"[2, 1, 0]",2,0.001,230.91858100891113,20.21331492206946,20.25537930843296,9996
5,"[2, 1, 0]",2,0.001,118.14270186424255,4.042860577069369,4.042860577069369,7076
6,all,2,0.001,355.9449200630188,8.133949196588855,8.133949196588855,5025
5,"[2, 0, 1]",2,0.001,125.33057427406311,7.551913961296277,7.551913961296279,5184
0,all,2,0.001,268.6092519760132,91.23934061394459,91.23934061394459,4881
3,all,2,0.001,477.51458168029785,41.02086591896236,41.02086591896236,5595
4,"[2, 0, 1]",2,0.001,162.59882593154907,20.4845647809054,22.53302125899594,8882
3,all,2,0.001,294.89899492263794,40.65125296443186,40.65125296443186,4700
2,all,2,0.001,413.0693578720093,23.1231589659874,23.1231589659874,5025
4,all,2,0.001,274.163419008255,15.928587109059944,17.521445819965937,3995
7,all,2,0.001,200.29127597808838,31.46222128000584,31.52769490651779,2703
1,"[2, 1, 0]",2,0.001,149.3525128364563,38.53469328958323,38.53469328958323,10000
6,all,2,0.001,301.59036588668823,47.5839912726634,47.5839912726634,4971
2,"[2, 1, 0]",2,0.001,107.42329502105713,28.062020174778453,28.062020174778453,10000
4,"[2, 0, 1]",2,0.001,137.86911010742188,45.37014983145625,45.37014983145625,10000
6,all,2,0.001,389.9334189891815,33.067817235098694,33.067817235098694,4910
8,all,2,0.001,229.48736310005188,7.230865072710541,7.230865072710541,4450
2,"[2, 1, 0]",2,0.001,125.11462998390198,66.08119774748,66.08119774748,10000
5,"[2, 0, 1]",2,0.001,95.44126391410828,0.631252700356171,0.6312527003561711,6976
7,"[2, 0, 1]",2,0.001,153.6883261203766,42.67194867061359,42.76075000491647,9982
5,"[2, 0, 1]",2,0.001,112.91083002090454,9.274754979656146,9.274754979656148,6426
7,all,2,0.001,590.4701819419861,40.10636100365176,40.10636100365176,3716
0,all,2,0.001,437.7331681251526,20.146732432461214,20.146732432461214,5067
6,"[2, 0, 1]",2,0.001,192.09696912765503,46.22467799649055,46.22467799649055,10000
1,"[2, 0, 1]",2,0.001,164.0677089691162,60.17543699610677,60.17543699610677,10000
0,"[2, 0, 1]",2,0.001,136.35333824157715,55.05429293292039,55.05429293292039,10000
5,"[2, 1, 0]",2,0.001,93.6884548664093,2.9487192375119005,2.9487192375119005,9449
4,"[2, 1, 0]",2,0.001,147.78793787956238,3.3941175015920084,3.3941175015920084,10000
3,"[2, 1, 0]",2,0.001,173.38608121871948,31.403294137469672,34.54362355121664,9741
7,"[2, 0, 1]",2,0.001,133.5118169784546,30.69817016541356,30.69817016541356,10000
6,"[2, 1, 0]",2,0.001,146.90721988677979,22.42817167739857,22.42817167739857,10000
0,"[2, 1, 0]",2,0.001,190.85064339637756,53.31276446709559,53.31276446709559,10000
1,"[2, 0, 1]",2,0.001,147.33728885650635,54.29947535227146,54.29947535227146,10000
3,"[2, 0, 1]",2,0.001,125.11743307113647,44.16119463061786,44.16119463061786,10000
5,"[2, 1, 0]",2,0.001,109.10708594322205,5.422478071022471,5.422478071022471,7857
6,all,2,0.001,338.81705498695374,39.18805285379093,39.18805285379093,5078
8,"[2, 0, 1]",2,0.001,137.8211977481842,5.727067698789068,5.727067698789068,10000
0,"[2, 1, 0]",2,0.001,297.3031919002533,80.78876352912587,80.78876352912587,10000
7,"[2, 0, 1]",2,0.001,173.1417999267578,73.94641841549617,74.10030266092642,9990
3,all,2,0.001,406.4868359565735,44.27396548921601,44.27396548921601,6369
4,"[2, 1, 0]",2,0.001,177.5415780544281,47.41857098302071,47.41857098302071,10000
3,"[2, 1, 0]",2,0.001,181.56480288505554,19.48312396648511,19.48312396648511,10000
6,"[2, 1, 0]",2,0.001,170.35405206680298,15.93233234441874,15.93233234441874,10000
0,"[2, 1, 0]",2,0.001,249.83503913879395,18.104497002880382,18.104497002880382,10000
1,"[2, 1, 0]",2,0.001,198.2005250453949,82.99635897040352,82.99635897040352,10000
8,"[2, 1, 0]",2,0.001,200.53390908241272,11.342282959599938,11.342282959599938,10000
8,"[2, 0, 1]",2,0.001,244.81949090957642,7.74514974921406,8.025740785195577,6112
2,all,2,0.001,199.4231128692627,33.96945585080108,33.96945585080108,4070
1,"[2, 1, 0]",2,0.001,131.75976586341858,32.35269638870334,32.35269638870334,10000
7,"[2, 1, 0]",2,0.001,187.13834595680237,16.923062086721814,16.958279379126044,9995
7,"[2, 0, 1]",2,0.001,208.490905046463,10.436514196612226,10.436514196612226,10000
5,"[2, 1, 0]",2,0.001,99.65716195106506,7.830436282059652,7.830436282059652,3964
7,"[2, 0, 1]",2,0.001,124.57302212715149,31.501682476559722,31.56723822275489,9972
6,"[2, 1, 0]",2,0.001,152.19132804870605,38.121136189011196,38.121136189011196,10000
6,all,2,0.001,468.233864068985,6.393908141250998,6.393908141250998,5057
3,all,2,0.001,335.99366092681885,28.947135206712836,28.947135206712836,4823
1,all,2,0.001,296.67824816703796,18.910082668707815,18.910082668707815,4925
0,"[2, 1, 0]",2,0.001,157.17017793655396,76.0818578243127,76.0818578243127,10000
6,"[2, 1, 0]",2,0.001,138.08940529823303,38.719089470264564,38.719089470264564,10000
0,all,2,0.001,558.2736392021179,13.106898274138556,13.106898274138556,4933
5,"[2, 0, 1]",2,0.001,127.24603700637817,4.347259774308592,4.347259774308592,9117
2,"[2, 1, 0]",2,0.001,134.9077501296997,12.56077952720004,12.56077952720004,10000
2,"[2, 0, 1]",2,0.001,124.44336009025574,17.11142498083221,17.11142498083221,10000
6,"[2, 1, 0]",2,0.001,130.28626680374146,8.65846359538082,8.65846359538082,10000
5,"[2, 1, 0]",2,0.001,121.95471692085266,7.941670997237001,7.941670997237001,5537
4,"[2, 0, 1]",2,0.001,104.98803687095642,11.543253023103773,11.543253023103773,9999
0,"[2, 1, 0]",2,0.001,144.69932794570923,7.794062670143886,7.794062670143886,10000
4,"[2, 1, 0]",2,0.001,166.57381415367126,20.110865983698318,20.110865983698318,5940
7,"[2, 0, 1]",2,0.001,132.84196400642395,46.690494686870636,46.787658710465166,9964
1,"[2, 0, 1]",2,0.001,129.1410527229309,33.245068625016486,33.245068625016486,10000
4,"[2, 0, 1]",2,0.001,111.13637089729309,25.92153988271757,25.92153988271757,8495
7,all,2,0.001,390.3303198814392,60.166872861666235,60.166872861666235,5261
3,"[2, 1, 0]",2,0.001,125.492262840271,6.334629421564792,6.334629421564792,10000
0,"[2, 0, 1]",2,0.001,140.92864394187927,8.43556148913893,8.43556148913893,10000
2,"[2, 1, 0]",2,0.001,136.5237100124359,14.287828144852988,14.287828144852988,10000
0,all,2,0.001,429.8748049736023,70.99113008722244,70.99113008722244,4908
2,all,2,0.001,783.1870200634003,0.2955183681785378,0.2955183681785378,5057
3,all,2,0.001,288.85988903045654,25.27674705795431,25.27674705795431,4882
2,"[2, 0, 1]",2,0.001,142.9056477546692,77.24741252555916,77.24741252555916,10000
5,all,2,0.001,145.2564401626587,0.03784678106836917,0.037846781068369195,1717
7,"[2, 1, 0]",2,0.001,136.17090106010437,42.95770714241276,43.04710314685315,10000
0,"[2, 0, 1]",2,0.001,127.53342008590698,54.729142700823715,54.729142700823715,10000
3,"[2, 1, 0]",2,0.001,132.83421421051025,7.59129580100325,7.59129580100325,10000
6,"[2, 1, 0]",2,0.001,105.32989597320557,24.554899554230527,24.554899554230527,10000
0,"[2, 1, 0]",2,0.001,138.40543508529663,53.960955900655904,53.960955900655904,10000
4,"[2, 0, 1]",2,0.001,158.5836250782013,35.69983341962947,39.269816761592416,9714
4,"[2, 0, 1]",2,0.001,128.03347396850586,6.943582365771682,6.943582365771682,10000
1,"[2, 0, 1]",2,0.001,220.61253881454468,70.2406074678255,105.36091120173825,3272
1,"[2, 0, 1]",2,0.001,128.90073132514954,21.972351179522697,21.972351179522697,10000
0,"[2, 0, 1]",2,0.001,143.1746311187744,55.43168083631991,55.43168083631991,10000
8,all,2,0.001,285.97756004333496,7.061309744523803,7.061309744523803,4680
7,all,2,0.001,387.45841693878174,60.03849685990053,60.16343839167478,2964
3,"[2, 1, 0]",2,0.001,140.23057007789612,6.281620874141708,6.281620874141708,4276
0,"[2, 1, 0]",2,0.001,209.7017068862915,79.15497321600316,79.15497321600316,10000
3,"[2, 0, 1]",2,0.001,114.6038978099823,24.705060361325195,24.705060361325195,10000
8,"[2, 0, 1]",2,0.001,140.25720977783203,11.892774057151644,11.892774057151644,10000
4,"[2, 1, 0]",2,0.001,192.3888120651245,27.514984581385857,27.514984581385857,10000
8,"[2, 0, 1]",2,0.001,116.12449407577515,8.98584572674866,8.98584572674866,9999
7,"[2, 1, 0]",2,0.001,133.42518401145935,17.54342297174493,17.54342297174493,10000
4,all,2,0.001,243.92687511444092,9.844947645609391,9.844947645609391,4402
3,"[2, 0, 1]",2,0.001,117.09222197532654,5.051811116937788,5.051811116937788,10000
0,"[2, 0, 1]",2,0.001,125.24242186546326,84.03257363650138,84.03257363650138,10000
5,all,2,0.001,164.32703804969788,6.01179527819747,6.01179527819747,1754
2,"[2, 1, 0]",2,0.001,143.31649494171143,52.251565558827,52.251565558827,9999
6,all,2,0.001,302.3920247554779,23.569412799066054,23.569412799066054,5043
6,"[2, 0, 1]",2,0.001,162.61155891418457,27.313079929206484,27.313079929206484,3222
6,"[2, 1, 0]",2,0.001,133.04728603363037,49.78447281770819,49.78447281770819,10000
7,"[2, 0, 1]",2,0.001,122.26863217353821,63.62077261845123,63.75316895079377,9991
2,all,2,0.001,612.1413650512695,88.47848426575895,88.47848426575895,5088
2,"[2, 1, 0]",2,0.001,109.44665217399597,91.23952382293652,91.23952382293652,10000
1,"[2, 0, 1]",2,0.001,165.8855288028717,28.060484951024684,28.060484951024684,3276
3,all,2,0.001,454.023442029953,41.886830264836796,41.886830264836796,5149
3,"[2, 1, 0]",2,0.001,220.93186712265015,16.894203350859847,16.894203350859847,10000
0,"[2, 1, 0]",2,0.001,119.81426310539246,90.9554272794797,90.9554272794797,10000
6,"[2, 1, 0]",2,0.001,108.03209495544434,24.341583953590852,24.341583953590852,10000
2,"[2, 1, 0]",2,0.001,126.37997627258301,30.79558225755845,30.79558225755845,10000
4,"[2, 0, 1]",2,0.001,164.49760389328003,24.089214106751598,24.089214106751598,10000
6,all,2,0.001,345.7184638977051,28.375574742531697,28.375574742531697,5018
8,all,2,0.001,365.0549318790436,6.5779309488934095,6.5779309488934095,4452
3,"[2, 0, 1]",2,0.001,153.94008493423462,33.870535035652004,33.870535035652004,10000
1,"[2, 1, 0]",2,0.001,126.25092315673828,80.602995201033,80.602995201033,10000
7,all,2,0.001,1264.673966884613,2.2787587837693835,2.2787587837693835,3547
4,"[2, 1, 0]",2,0.001,159.24407982826233,9.39124228616562,9.39124228616562,10000
4,all,2,0.001,222.62445902824402,29.250089325926055,29.250089325926055,3964
3,"[2, 1, 0]",2,0.001,163.68362712860107,49.75649216817642,49.75649216817642,4073
5,all,2,0.001,190.5716679096222,2.918147164725432,2.918147164725432,1693
5,"[2, 1, 0]",2,0.001,110.24564790725708,7.763002197666842,7.763002197666843,4679
8,"[2, 1, 0]",2,0.001,110.9040048122406,5.5289580285437845,5.5289580285437845,9999
6,"[2, 1, 0]",2,0.001,147.89029502868652,23.341717247781077,23.341717247781077,10000
0,"[2, 1, 0]",2,0.001,137.75344681739807,97.13316972016219,97.13316972016219,10000
4,"[2, 1, 0]",2,0.001,193.88963413238525,15.500767652570737,15.500767652570737,10000
3,"[2, 0, 1]",2,0.001,170.93466591835022,6.554847598245667,6.554847598245667,10000
6,all,2,0.001,337.1824941635132,27.183929376208894,27.183929376208894,5013
5,"[2, 1, 0]",2,0.001,97.96432280540466,8.405536213310569,8.405536213310569,7353
2,"[2, 1, 0]",2,0.001,121.27798819541931,38.977472843106526,38.977472843106526,9654
5,"[2, 0, 1]",2,0.001,88.89873266220093,3.74061494122721,3.74061494122721,4237
1,all,2,0.001,215.70715498924255,17.226992145318864,17.226992145318864,5099
1,"[2, 1, 0]",2,0.001,136.48230004310608,8.388560579954884,8.388560579954884,10000
8,"[2, 0, 1]",2,0.001,149.2676420211792,8.495226164581924,9.230178769960736,8062
0,all,2,0.001,443.57152104377747,74.27041466709701,74.27041466709701,5049
3,all,2,0.001,252.49381923675537,28.390840169180088,28.390840169180088,4757
1,"[2, 1, 0]",2,0.001,136.28805375099182,87.12537089212586,87.12537089212586,10000
6,"[2, 0, 1]",2,0.001,123.68197870254517,49.49992873770822,49.49992873770822,10000
2,"[2, 1, 0]",2,0.001,280.4595239162445,87.16368124273617,87.16368124273617,10000
0,"[2, 1, 0]",2,0.001,131.36571288108826,83.17117667901005,83.17117667901005,10000
3,"[2, 0, 1]",2,0.001,129.25046396255493,27.229413455019795,27.229413455019795,10000
6,"[2, 1, 0]",2,0.001,194.751403093338,4.057196336448787,4.057196336448787,3255
8,"[2, 1, 0]",2,0.001,159.6950809955597,9.753653031962514,9.753653031962514,10000
4,"[2, 1, 0]",2,0.001,113.00029492378235,42.710000902037436,42.710000902037436,10000
2,all,2,0.001,415.73414516448975,96.62109583093826,96.62109583093826,4918
3,"[2, 0, 1]",2,0.001,106.30475807189941,6.834677924584732,7.518145717043205,8116
7,all,2,0.001,330.8299751281738,56.723913975074936,56.723913975074936,4137
8,all,2,0.001,301.82225704193115,7.742061874716474,7.742061874716474,4271
7,"[2, 1, 0]",2,0.001,110.55938529968262,35.689722792271475,35.689722792271475,10000
1,all,2,0.001,313.1626949310303,20.075042858856705,20.075042858856705,5017
8,"[2, 0, 1]",2,0.001,135.33541584014893,4.979001540947058,5.058579709360127,10000
3,"[2, 1, 0]",2,0.001,115.46552610397339,27.421233290232717,27.421233290232717,10000
7,"[2, 1, 0]",2,0.001,187.83033108711243,57.73330473403883,57.85344910648527,6135
4,"[2, 1, 0]",2,0.001,108.70945405960083,29.833977458133806,29.833977458133806,9999
6,"[2, 0, 1]",2,0.001,130.19650292396545,26.72311707278355,26.72311707278355,3300
0,"[2, 1, 0]",2,0.001,170.83155584335327,47.069654886217776,47.069654886217776,10000
8,"[2, 0, 1]",2,0.001,109.71499800682068,10.259317700891124,10.259317700891124,10000
7,"[2, 1, 0]",2,0.001,207.57928490638733,62.04207230430272,62.17118332395793,5591
1,"[2, 1, 0]",2,0.001,164.45435404777527,40.02872064066486,40.02872064066486,10000
3,"[2, 0, 1]",2,0.001,137.83897304534912,37.387311421522625,37.387311421522625,9999
3,all,2,0.001,217.72906017303467,1.5967249053572274,1.5967249053572274,4725
1,"[2, 0, 1]",2,0.001,236.46146392822266,1.276068597266533,1.276068597266533,3369
1,"[2, 0, 1]",2,0.001,117.91965436935425,27.090278545708326,27.090278545708326,9999
7,"[2, 1, 0]",2,0.001,138.4953532218933,8.330255063549599,8.347590521333272,10000
4,"[2, 0, 1]",2,0.001,224.4976360797882,35.01965213381162,35.01965213381162,9999
3,"[2, 1, 0]",2,0.001,166.27658677101135,16.291348662060926,16.291348662060926,10000
3,all,2,0.001,388.7403221130371,49.710667113284785,49.710667113284785,4519
6,"[2, 1, 0]",2,0.001,133.6241672039032,35.03573422594495,35.03573422594495,10000
2,"[2, 0, 1]",2,0.001,143.42135286331177,94.39256178713589,94.39256178713589,10000
8,"[2, 0, 1]",2,0.001,248.1502230167389,8.543112106196562,8.543112106196562,2818
4,"[2, 0, 1]",2,0.001,106.52318501472473,19.25048945970117,21.17553840567129,8943
2,"[2, 1, 0]",2,0.001,143.62523698806763,64.41015801067613,64.41015801067613,10000
1,"[2, 1, 0]",2,0.001,112.45265364646912,86.34312662922346,86.34312662922346,10000
2,all,2,0.001,501.08981227874756,96.09286085607798,96.09286085607798,5040
3,"[2, 0, 1]",2,0.001,112.72508811950684,31.28898520296493,31.28898520296493,10000
8,"[2, 0, 1]",2,0.001,135.2092490196228,9.266591350704559,9.266591350704559,10000
2,"[2, 0, 1]",2,0.001,134.1492578983307,61.60713659571847,61.60713659571847,10000
2,"[2, 0, 1]",2,0.001,162.82655787467957,35.53501252630619,35.53501252630619,10000
0,all,2,0.001,359.66308307647705,6.900243643657234,6.900243643657234,5021
4,all,2,0.001,635.0418019294739,4.665915064408566,4.665915064408566,5739
0,"[2, 1, 0]",2,0.001,146.08622217178345,66.33803824490008,66.33803824490008,10000
0,"[2, 1, 0]",2,0.001,151.88523888587952,92.59141947289001,92.59141947289001,10000
3,"[2, 0, 1]",2,0.001,101.66607689857483,44.343138969745695,44.343138969745695,9999
2,"[2, 0, 1]",2,0.001,211.14121389389038,7.097517343487736,7.097517343487736,10000
8,"[2, 1, 0]",2,0.001,220.17657709121704,8.706296525949849,8.706296525949849,5021
3,"[2, 1, 0]",2,0.001,121.48699283599854,14.599993866927397,14.599993866927397,10000
2,"[2, 0, 1]",2,0.001,248.9558126926422,27.193134933088523,27.193134933088523,10000
0,"[2, 0, 1]",2,0.001,143.41027808189392,48.708154274894156,48.708154274894156,10000
6,"[2, 1, 0]",2,0.001,132.86652898788452,24.34087337242956,24.34087337242956,10000
3,"[2, 0, 1]",2,0.001,116.74048399925232,34.735263852864236,34.735263852864236,10000
0,all,2,0.001,521.3991479873657,40.870278080093186,40.870278080093186,5001
4,all,2,0.001,219.9211688041687,5.170609112158376,5.170609112158376,4811
1,"[2, 1, 0]",2,0.001,135.26944708824158,67.1023737920556,67.1023737920556,10000
3,"[2, 1, 0]",2,0.001,228.31764197349548,15.432878936161842,15.432878936161842,10000
1,"[2, 1, 0]",2,0.001,219.22229194641113,68.24428528317111,68.24428528317111,10000
0,"[2, 0, 1]",2,0.001,147.89694905281067,36.195550026928146,36.195550026928146,10000
4,"[2, 0, 1]",2,0.001,215.27717304229736,47.11469695897047,47.11469695897047,2844
1,"[2, 1, 0]",2,0.001,130.58651399612427,15.396372695201688,15.396372695201688,9999
0,all,2,0.001,343.83402585983276,96.98490498170042,96.98490498170042,4913
6,"[2, 1, 0]",2,0.001,152.85127186775208,49.76672182725265,49.76672182725265,10000
2,"[2, 0, 1]",2,0.001,164.90652894973755,96.60724921221609,96.60724921221609,10000
5,all,2,0.001,204.62098217010498,3.8274202052315673,3.8274202052315673,1721
5,all,2,0.001,210.45000910758972,9.90882549948422,9.90882549948422,1685
8,"[2, 1, 0]",2,0.001,184.397625207901,11.26125095647621,11.26125095647621,10000
8,"[2, 1, 0]",2,0.001,132.5186722278595,6.719436215549161,6.719436215549161,10000
0,all,2,0.001,592.8873207569122,4.046657890156425,4.046657890156425,4942
7,"[2, 1, 0]",2,0.001,162.79029202461243,10.18771433209091,10.18771433209091,9997
8,"[2, 1, 0]",2,0.001,145.83145427703857,14.704119699854623,14.704119699854623,10000
8,all,2,0.001,168.50143313407898,8.189276805468696,8.189276805468696,3150
5,all,2,0.001,178.99860501289368,2.5622210290509715,2.5622210290509715,1730
6,all,2,0.001,361.5156469345093,36.45026173690324,36.45026173690324,5026
1,"[2, 0, 1]",2,0.001,119.77242398262024,47.058362210036975,47.058362210036975,10000
6,"[2, 0, 1]",2,0.001,127.26175498962402,44.658510429043396,44.658510429043396,10000
1,"[2, 0, 1]",2,0.001,140.2774121761322,64.58199022560908,64.58199022560908,10000
2,"[2, 0, 1]",2,0.001,187.45724296569824,79.76810356612876,79.76810356612876,10000
7,all,2,0.001,240.51933312416077,2.5444234817873657,2.549718487224273,3553
4,"[2, 0, 1]",2,0.001,151.92542815208435,45.34031003487044,49.87434103835748,9729
1,all,2,0.001,268.8931279182434,10.501446434302398,10.501446434302398,5109
2,all,2,0.001,408.64968609809875,73.7813956023277,73.7813956023277,5075
3,all,2,0.001,579.0958631038666,6.572374360547479,7.229611796602226,3538
2,all,2,0.001,537.466630935669,80.12716103839543,80.12716103839543,5066
7,"[2, 0, 1]",2,0.001,181.22093677520752,23.34932176879649,23.34932176879649,10000
4,"[2, 0, 1]",2,0.001,137.48646187782288,1.6223581148217812,1.6223581148217812,10000
1,"[2, 0, 1]",2,0.001,155.6947283744812,16.847520263943203,16.847520263943203,10000
4,all,2,0.001,325.11463594436646,42.02939201496443,42.02939201496443,4468
3,"[2, 0, 1]",2,0.001,131.06755924224854,37.41850485648593,37.41850485648593,10000
4,all,2,0.001,1193.2898638248444,16.220906451594722,16.220906451594722,2871
8,all,2,0.001,509.0612630844116,2.937525295408339,2.937525295408339,4741
0,"[2, 1, 0]",2,0.001,173.46861791610718,45.24744937843853,45.24744937843853,10000
4,"[2, 0, 1]",2,0.001,185.30727314949036,30.604087703634526,30.604087703634526,10000
6,"[2, 1, 0]",2,0.001,171.60771799087524,35.72773102540992,35.72773102540992,10000
4,"[2, 0, 1]",2,0.001,240.4276909828186,9.64398603157168,10.60838463472885,5605
5,all,2,0.001,149.69532799720764,4.898195702528412,4.898195702528412,1712
0,"[2, 0, 1]",2,0.001,180.318293094635,45.17925170528534,45.17925170528534,10000
8,all,2,0.001,517.9151630401611,11.810465364031806,11.810465364031806,2787
1,"[2, 1, 0]",2,0.001,134.85726594924927,4.769846735184535,4.769846735184535,10000
6,all,2,0.001,516.0140578746796,2.35850516732846,2.35850516732846,4942
3,"[2, 1, 0]",2,0.001,141.77950596809387,27.071951497523244,29.779146647275567,5318
6,"[2, 0, 1]",2,0.001,186.8502037525177,21.423538559820035,31.719277196588827,3230
8,all,2,0.001,480.3939640522003,15.750195290397276,17.242464523472776,3832
6,"[2, 0, 1]",2,0.001,145.08485221862793,33.61126024401895,33.61126024401895,10000
4,"[2, 0, 1]",2,0.001,350.47900390625,41.631605600960384,41.631605600960384,10000
1,"[2, 1, 0]",2,0.001,130.48264122009277,69.70202081836621,69.70202081836621,10000
4,all,2,0.001,595.6188209056854,30.746413638459845,30.746413638459845,5031
2,"[2, 0, 1]",2,0.001,137.82376790046692,46.39403654856778,46.39403654856778,10000
6,all,2,0.001,301.79249572753906,15.976861015411465,15.976861015411465,5023
8,"[2, 0, 1]",2,0.001,118.69247603416443,9.899109742034577,9.899109742034577,10000
2,"[2, 0, 1]",2,0.001,146.27841591835022,32.63012688769692,32.63012688769692,10000
8,"[2, 0, 1]",2,0.001,128.25923204421997,11.976936224311206,11.976936224311206,10000
4,all,2,0.001,191.93245697021484,8.668223350791216,8.668223350791216,3034
7,"[2, 0, 1]",2,0.001,142.68075799942017,25.24586843015844,25.24586843015844,10000
7,"[2, 1, 0]",2,0.001,152.25810503959656,78.70908916387438,78.70908916387438,10000
2,"[2, 0, 1]",2,0.001,151.87209391593933,26.305847152953454,26.305847152953454,10000
4,all,2,0.001,472.56553983688354,47.29186991324836,47.29186991324836,4867
7,all,2,0.001,199.78806591033936,58.2470649124356,58.368278431962835,4152
4,"[2, 1, 0]",2,0.001,156.48165702819824,43.58987187698972,43.58987187698972,10000
4,all,2,0.001,490.7801010608673,5.120529289343118,5.120529289343118,3852
2,all,2,0.001,344.95472502708435,98.0311905320778,98.0311905320778,5131
5,"[2, 0, 1]",2,0.001,118.03619694709778,1.5079815270384174,1.5079815270384174,6893
6,"[2, 1, 0]",2,0.001,149.5227119922638,33.20135379412224,33.20135379412224,10000
6,"[2, 0, 1]",2,0.001,127.71587920188904,49.123261326486144,49.123261326486144,10000
4,"[2, 1, 0]",2,0.001,145.76679491996765,38.37744863712237,38.37744863712237,10000
0,"[2, 0, 1]",2,0.001,120.34777307510376,16.164416956519478,16.164416956519478,9999
3,"[2, 0, 1]",2,0.001,116.31759405136108,7.901402534400981,7.901402534400981,10000
0,all,2,0.001,582.1341829299927,74.60829848506187,74.60829848506187,5064
3,"[2, 0, 1]",2,0.001,112.19263219833374,23.692474500605012,23.692474500605012,10000
0,"[2, 1, 0]",2,0.001,226.74545693397522,3.427333061164195,3.427333061164195,10000
2,"[2, 0, 1]",2,0.001,113.81144881248474,96.30656242391302,96.30656242391302,10000
5,"[2, 0, 1]",2,0.001,95.20962619781494,4.3874061178123895,4.3874061178123895,3072
3,all,2,0.001,349.93488788604736,3.368325518491355,3.7051580703404907,4101
8,"[2, 0, 1]",2,0.001,112.85099792480469,2.240090482974801,2.240090482974801,10000
2,"[2, 0, 1]",2,0.001,142.54115509986877,4.933267717178147,4.933267717178147,10000
3,"[2, 0, 1]",2,0.001,153.6641480922699,43.679397501563145,43.679397501563145,10000
3,"[2, 0, 1]",2,0.001,123.66168808937073,49.956599040937,49.956599040937,10000
1,all,2,0.001,270.28795194625854,33.01602094490155,33.01602094490155,4961
1,"[2, 0, 1]",2,0.001,131.91304683685303,69.80731440544096,69.80731440544096,10000
3,all,2,0.001,659.4465610980988,46.85645363403999,46.85645363403999,5242
6,all,2,0.001,269.0194981098175,43.16573084997382,43.16573084997382,4912
4,"[2, 1, 0]",2,0.001,167.05855417251587,20.657437602853616,20.657437602853616,10000
0,all,2,0.001,520.6585648059845,4.998995488891933,4.998995488891933,5021
3,all,2,0.001,753.1036291122437,20.001406963388252,20.001406963388252,4803
4,all,2,0.001,360.11926889419556,21.829656100683973,21.829656100683973,3950
4,"[2, 1, 0]",2,0.001,208.80044603347778,23.34625435047695,23.34625435047695,10000
6,"[2, 0, 1]",2,0.001,148.2702989578247,20.00853433028491,20.00853433028491,10000
2,"[2, 1, 0]",2,0.001,133.87107181549072,64.85398877812455,64.85398877812455,10000
1,all,2,0.001,535.731024980545,76.8391016113886,76.8391016113886,5019
2,all,2,0.001,516.0585741996765,86.82476790108608,86.82476790108608,4947
1,all,2,0.001,288.1097309589386,30.328317451908102,30.328317451908102,4956
2,all,2,0.001,289.1019310951233,42.573878418151246,42.573878418151246,5045
0,"[2, 1, 0]",2,0.001,156.4887249469757,85.51349807261373,85.51349807261373,10000
2,"[2, 0, 1]",2,0.001,123.24249601364136,32.5388941261614,32.5388941261614,10000
5,all,2,0.001,162.05977606773376,6.616010761713623,6.616010761713623,1709
0,"[2, 1, 0]",2,0.001,158.48814582824707,89.13826060326201,89.13826060326201,9950
4,"[2, 1, 0]",2,0.001,179.3014271259308,16.069433780183466,16.069433780183466,10000
2,all,2,0.001,356.0650360584259,22.17689824609583,22.17689824609583,4923
5,"[2, 1, 0]",2,0.001,110.72594094276428,9.728976022175882,9.728976022175882,4702
6,all,2,0.001,261.72706723213196,24.497879845880092,24.497879845880092,5042
0,"[2, 1, 0]",2,0.001,154.54632711410522,47.03321921066194,47.03321921066194,10000
0,all,2,0.001,563.8193280696869,35.7141787776,35.7141787776,4903
4,all,2,0.001,368.5044240951538,39.95180204135472,39.95180204135472,4338
5,"[2, 0, 1]",2,0.001,129.84244418144226,5.5274908108973335,5.527490810897334,4948
6,"[2, 0, 1]",2,0.001,195.91426992416382,17.84883899464182,17.84883899464182,10000
3,"[2, 0, 1]",2,0.001,159.62400603294373,45.37368270968464,45.37368270968464,10000
0,"[2, 0, 1]",2,0.001,130.13426804542542,10.91584176382846,10.91584176382846,10000
4,"[2, 1, 0]",2,0.001,159.84468984603882,33.99886047213529,33.99886047213529,10000
5,"[2, 1, 0]",2,0.001,126.03480195999146,1.0463683555996037,1.046368355599604,6372
8,all,2,0.001,608.0613350868225,8.626037892648476,8.626037892648476,3850
1,all,2,0.001,334.52195978164673,16.3128642012488,16.3128642012488,5009
5,"[2, 0, 1]",2,0.001,121.3174262046814,8.808691130084043,8.808691130084043,7489
5,"[2, 0, 1]",2,0.001,128.4966242313385,2.0059459318309414,2.0059459318309414,7610
7,all,2,0.001,209.47374320030212,12.191077701337935,12.216447622332762,3380
8,"[2, 1, 0]",2,0.001,145.1690239906311,6.919273193024436,6.919273193024436,10000
1,"[2, 0, 1]",2,0.001,138.81139302253723,42.87393004663009,42.87393004663009,10000
2,"[2, 1, 0]",2,0.001,155.5120017528534,31.731803330113763,31.731803330113763,10000
7,"[2, 1, 0]",2,0.001,166.17652010917664,61.52711162749179,61.65515100180061,4683
3,"[2, 1, 0]",2,0.001,138.22287583351135,22.46265910913703,22.46265910913703,10000
4,"[2, 1, 0]",2,0.001,189.8264238834381,35.35542137770694,35.35542137770694,10000
6,"[2, 0, 1]",2,0.001,145.3289430141449,22.192266956194693,22.192266956194693,10000
8,all,2,0.001,190.81779408454895,11.185260931828052,11.185260931828052,3671
8,"[2, 1, 0]",2,0.001,163.9660427570343,8.771147213868941,8.771147213868941,10000
3,"[2, 0, 1]",2,0.001,137.49820184707642,18.14716848234623,18.14716848234623,10000
1,all,2,0.001,346.78820419311523,5.5010700893460385,5.5010700893460385,5060
6,"[2, 0, 1]",2,0.001,156.9179379940033,48.58818423643418,48.58818423643418,10000
7,"[2, 0, 1]",2,0.001,152.8680031299591,62.8514131881163,62.98220846529027,10000
4,all,2,0.001,310.67558217048645,38.98049728900459,38.98049728900459,4799
4,"[2, 0, 1]",2,0.001,259.02680921554565,19.28816663125283,19.28816663125283,10000
2,all,2,0.001,512.6264266967773,11.746286895812318,11.746286895812318,5081
0,"[2, 0, 1]",2,0.001,353.9493730068207,22.97799227555044,22.97799227555044,10000
4,all,2,0.001,605.3462679386139,47.80512461976735,47.80512461976735,3563
7,all,2,0.001,364.12603211402893,34.63154842178352,34.63154842178352,4668
0,"[2, 1, 0]",2,0.001,141.70087122917175,28.05136324436583,28.05136324436583,10000
3,"[2, 0, 1]",2,0.001,183.62599205970764,7.807637782764686,7.807637782764686,10000
2,"[2, 0, 1]",2,0.001,270.6328639984131,71.1998473165362,71.1998473165362,10000
0,"[2, 0, 1]",2,0.001,137.646390914917,13.151831344049825,13.151831344049825,10000
5,all,2,0.001,181.3570520877838,0.8587333487336402,0.8587333487336402,1788
3,all,2,0.001,426.54920387268066,11.77689191451124,11.77689191451124,5062
3,all,2,0.001,368.50567603111267,30.491509621182818,30.491509621182818,4643
8,"[2, 0, 1]",2,0.001,140.47988390922546,7.660259420431452,7.660259420431452,10000
5,all,2,0.001,186.23936676979065,0.2739009014374139,0.27390090143741397,1718
0,"[2, 1, 0]",2,0.001,144.53645205497742,55.454174716973625,55.454174716973625,10000
6,all,2,0.001,824.1311509609222,4.011060590271668,4.011060590271668,5088
5,"[2, 0, 1]",2,0.001,131.3602647781372,8.50182866130254,8.50182866130254,8859
1,all,2,0.001,267.014564037323,19.95192537059677,19.95192537059677,5014
3,all,2,0.001,324.40023922920227,39.75935224452322,39.75935224452322,3231
2,"[2, 1, 0]",2,0.001,313.2043719291687,85.45012845029589,85.45012845029589,10000
2,"[2, 1, 0]",2,0.001,174.18030309677124,56.70868144511873,56.70868144511873,10000
3,all,2,0.001,696.2963361740112,48.75494416981474,48.75494416981474,6318
8,"[2, 1, 0]",2,0.001,191.33089399337769,4.738293698634581,4.738293698634581,10000
4,all,2,0.001,286.22798705101013,29.138432687848038,29.138432687848038,4703
7,all,2,0.001,443.2152907848358,6.732318325291109,6.732318325291109,3228
3,"[2, 0, 1]",2,0.001,113.76076626777649,5.8609663852574485,5.8609663852574485,10000
6,all,2,0.001,274.2622528076172,6.67051491812754,6.67051491812754,5006
3,all,2,0.001,269.0813262462616,37.26088462046851,37.26088462046851,4189
