,const_to_cost,chain_to_cost,cost,percentile,relative_error
0,20,2,10.270417975207119,48.19444444444444,0.1826122747091614
1,20,2,9.512382403985026,11.666666666666666,0.09532642389398659
2,20,2,10.405742995115482,57.08333333333333,0.1981946034912248
3,20,2,10.699310366007861,71.11111111111111,0.23199813292006713
4,20,2,9.551462986907893,13.333333333333334,0.09982645273204761
5,20,2,10.266285314970464,47.77777777777778,0.18213640948781706
6,20,2,9.870823513184687,27.500000000000004,0.13659999781504586
7,20,2,10.139648619333386,40.69444444444444,0.1675545189503001
8,20,2,8.745257844144856,0.2777777777777778,0.006993999362885456
9,20,2,10.325647545522655,52.22222222222223,0.1889718180052314
10,20,4,11.50916506859437,95.83333333333334,0.32525082373768976
11,20,4,11.32830294033814,91.38888888888889,0.3044250137831025
12,20,4,9.331717372590958,7.222222222222221,0.07452330913730297
13,20,4,10.337995364774628,52.77777777777778,0.19039363770609696
14,20,4,10.595639766468137,67.08333333333333,0.2200607294143775
15,20,4,10.379931782349104,55.00000000000001,0.19522250857587325
16,20,4,11.398016765989274,93.33333333333333,0.3124523819127138
17,20,4,10.437085895950888,58.88888888888889,0.20180365809274375
18,20,4,10.539155322052363,64.16666666666667,0.21355669058582386
19,20,4,11.420260865959415,93.61111111111111,0.315013732943222
20,20,6,9.541397005878771,12.777777777777777,0.0986673808470702
21,20,6,11.121841613242848,87.22222222222223,0.2806515217728407
22,20,6,10.310587314813008,50.69444444444444,0.18723767108539086
23,20,6,11.552438084390976,96.66666666666667,0.3302336004628714
24,20,6,10.523217605736018,63.33333333333333,0.21172150345010643
25,20,6,10.222287832122676,44.72222222222222,0.17707021224076197
26,20,6,9.112614280976269,3.888888888888889,0.04929415038293081
27,20,6,9.770823061717609,22.083333333333332,0.12508520244187704
28,20,6,9.196469165263665,5.833333333333333,0.05894982512683925
29,20,6,10.804152284959164,75.69444444444444,0.2440704108502527
30,20,8,10.539155322052364,64.30555555555556,0.21355669058582405
31,20,8,9.883171332436662,28.47222222222222,0.13802181751591164
32,20,8,11.495348128558035,95.13888888888889,0.32365983854844665
33,20,8,9.646618667210367,15.694444444444445,0.11078338513788158
34,20,8,9.069005757848686,3.3333333333333335,0.044272740849539555
35,20,8,10.148256588591225,41.11111111111111,0.1685457045212491
36,20,8,10.614060851622815,67.77777777777779,0.22218187009920395
37,20,8,10.95428567880305,82.22222222222221,0.26135788589091125
38,20,8,9.000266010257214,1.3888888888888888,0.036357535308896
39,30,2,9.541397005878773,12.916666666666668,0.09866738084707041
40,30,2,9.998846164784801,32.5,0.15134147762517558
41,30,2,10.234694633737618,45.55555555555556,0.17849882360936753
42,30,2,9.140581531431435,5.138888888888888,0.0525145075054926
43,30,2,9.140581531431435,5.138888888888888,0.0525145075054926
44,30,2,9.395862044572814,8.333333333333332,0.08190940351301951
45,30,2,9.112614280976269,3.888888888888889,0.04929415038293081
46,30,2,9.84510717038134,26.666666666666668,0.13363882693248944
47,30,4,9.883171332436664,28.61111111111111,0.13802181751591183
48,30,4,9.006572393911009,1.6666666666666667,0.03708369920368658
49,30,4,10.139648619333384,40.55555555555556,0.1675545189502999
50,30,4,9.88317133243666,28.333333333333332,0.13802181751591144
51,30,4,11.509165068594372,95.97222222222223,0.32525082373769
52,30,4,9.458757793089479,10.277777777777777,0.08915168755660814
53,30,4,10.79664172857662,74.72222222222223,0.24320558955579977
54,30,4,10.337995364774628,52.77777777777778,0.19039363770609696
55,30,4,9.006572393911009,1.6666666666666667,0.03708369920368658
56,30,6,9.613666256176483,14.722222222222223,0.10698899956720599
57,30,6,9.45875779308948,10.416666666666668,0.08915168755660834
58,30,6,11.663586386996073,97.77777777777777,0.3430320422878474
59,30,6,9.585256374227363,14.305555555555555,0.10371767456396144
60,30,6,9.817572158625198,24.166666666666668,0.13046824098694354
61,30,6,10.637107096739271,69.16666666666667,0.22483558608490872
62,30,6,10.436598751265588,58.47222222222223,0.2017475646323037
63,30,6,10.53931989393688,64.44444444444444,0.21357564061601475
64,30,6,9.189932686940784,5.694444444444445,0.05819716642135429
65,30,6,11.116704698272592,86.94444444444444,0.2800600191959614
66,30,8,9.178645693486754,5.277777777777778,0.0568974980889144
67,30,8,9.512382403985026,11.666666666666666,0.09532642389398659
68,30,8,10.311885511472594,51.24999999999999,0.18738715509941245
69,30,8,10.109939561403623,38.88888888888889,0.16413359716672737
70,30,8,10.078886708391352,36.94444444444444,0.16055794082774466
71,30,8,10.610232708380918,67.5,0.22174106922837855
72,30,8,10.234694633737618,45.55555555555556,0.17849882360936753
73,30,8,10.13213806295084,40.0,0.16668969765584699
74,30,8,11.172592332104823,88.33333333333333,0.28649533681730827
75,30,8,9.006572393911009,1.6666666666666667,0.03708369920368658
76,40,2,9.80177768618425,23.194444444444446,0.12864954801589681
77,40,2,9.541397005878771,12.777777777777777,0.0986673808470702
78,40,2,9.801777686184248,23.055555555555557,0.12864954801589662
79,40,2,10.143031380373207,40.97222222222222,0.16794403520346118
80,40,2,11.133019803082474,87.77777777777777,0.2819386616482852
81,40,2,9.84510717038134,26.666666666666668,0.13363882693248944
82,40,2,11.501654512211829,95.69444444444444,0.32438600244323706
83,40,2,9.622551615805339,15.0,0.10801212592756021
84,40,2,10.39575419832104,56.388888888888886,0.19704441917280674
85,40,2,8.749429932838014,0.8333333333333334,0.007474404669817934
86,40,4,10.256420864556823,46.666666666666664,0.18100054333606033
87,40,4,9.112614280976269,3.888888888888889,0.04929415038293081
88,40,4,10.515179989676398,63.05555555555556,0.21079599258633697
89,40,4,10.872892032550634,78.88888888888889,0.251985616390896
90,40,4,10.190035010996448,43.47222222222222,0.1733563826527206
91,40,4,10.838965287504793,78.05555555555556,0.24807903875900264
92,40,4,11.192930242140296,88.88888888888889,0.28883719496835353
93,40,4,9.678871488336593,16.38888888888889,0.11449721472592275
94,40,4,9.770823061717609,22.083333333333332,0.12508520244187704
95,40,6,9.442865675196057,9.166666666666666,0.08732175096227911
96,40,6,9.32614821892168,6.944444444444445,0.0738820353834082
97,40,6,10.270417975207117,48.05555555555556,0.18261227470916117
98,40,6,9.82997896024014,25.27777777777778,0.13189685235554907
99,40,6,10.371687146916013,53.888888888888886,0.19427315996248556
100,40,6,10.329722785810553,52.5,0.18944107146682293
101,40,6,10.294557082420386,49.166666666666664,0.18539183096089756
102,40,6,10.408341664298225,57.77777777777777,0.198493833579118
103,40,6,11.116704698272592,86.94444444444444,0.2800600191959614
104,40,6,10.329722785810553,52.5,0.18944107146682293
105,40,8,11.808810462162283,98.61111111111111,0.3597542218806776
106,40,8,9.541397005878771,12.777777777777777,0.0986673808470702
107,40,8,11.495771115474492,95.27777777777777,0.323708544406441
108,40,8,10.222981308837637,45.0,0.1771500643049445
109,40,8,10.18144327917813,42.5,0.1723670667812652
110,40,8,10.790813237825562,74.58333333333333,0.24253445380242827
111,40,8,10.109939561403623,38.88888888888889,0.16413359716672737
112,40,8,10.00989986375388,33.611111111111114,0.1526142826963352
113,40,8,9.77636742278987,22.22222222222222,0.1257236213918461
114,40,8,9.76952486505802,21.666666666666668,0.12493571842785524
115,50,2,10.083688929692912,37.22222222222222,0.16111090428753802
116,50,2,9.069005757848686,3.3333333333333335,0.044272740849539555
117,50,2,9.541397005878771,12.777777777777777,0.0986673808470702
118,50,2,10.94312303172982,80.83333333333333,0.2600725357251327
119,50,2,10.885968918128036,79.44444444444444,0.2534913862082622
120,50,2,11.32830294033814,91.38888888888889,0.3044250137831025
121,50,2,10.205927128889872,44.166666666666664,0.17518631924704983
122,50,2,11.048387937597582,85.55555555555556,0.27219351951331283
123,50,2,10.132138062950842,40.27777777777778,0.16668969765584718
124,50,2,10.968102618839387,82.77777777777777,0.2629488710801545
125,50,4,11.36559937297853,91.94444444444444,0.30871960229448175
126,50,4,9.689429415465195,17.22222222222222,0.11571293294186202
127,50,4,9.389043967438347,8.055555555555555,0.08112431942699704
128,50,4,10.256420864556823,46.666666666666664,0.18100054333606033
129,50,4,10.373084211892134,54.166666666666664,0.19443402840944807
130,50,4,11.192930242140296,88.88888888888889,0.28883719496835353
131,50,4,9.550975842222591,13.055555555555557,0.09977035927160736
132,50,4,9.646618667210365,15.555555555555555,0.11078338513788137
133,50,4,10.790813237825562,74.58333333333333,0.24253445380242827
134,50,4,10.614060851622815,67.77777777777779,0.22218187009920395
135,50,6,9.140581531431435,5.138888888888888,0.0525145075054926
136,50,6,10.614060851622817,67.91666666666667,0.22218187009920415
137,50,6,11.04790079291228,85.27777777777777,0.27213742605287256
138,50,6,9.736866081834675,19.166666666666668,0.12117514334607868
139,50,6,10.270417975207119,48.19444444444444,0.1826122747091614
140,50,6,9.810222112027468,23.333333333333332,0.12962190198232426
141,50,6,10.190035010996448,43.47222222222222,0.1733563826527206
142,50,6,9.689429415465195,17.22222222222222,0.11571293294186202
143,50,6,10.947797562121085,81.38888888888889,0.26061079590427594
144,50,6,10.610232708380918,67.5,0.22174106922837855
145,50,8,10.572506584523786,66.66666666666666,0.21739700287603103
146,50,8,9.687391164346671,16.805555555555557,0.11547823355596312
147,50,8,10.52321760573602,63.61111111111111,0.21172150345010662
148,50,8,9.069005757848686,3.3333333333333335,0.044272740849539555
149,50,8,10.799837208342906,75.13888888888889,0.24357354085089955
150,50,8,11.112876555030695,86.66666666666667,0.27961921832513603
151,50,8,10.73492560399333,72.5,0.23609913618108141
152,50,8,10.677028655947725,69.72222222222221,0.22943245118420802
153,50,8,10.595639766468135,66.94444444444444,0.2200607294143773
154,50,8,9.581084285534205,14.027777777777779,0.10323726925702896
155,20,2,10.107961372536618,86.66666666666667,0.19706027902106424
156,20,2,9.551433035283909,53.75,0.131152036782929
157,20,2,9.454327072961796,43.888888888888886,0.11965202346988386
158,20,2,9.327605127002077,33.33333333333333,0.10464466418171062
159,20,2,10.435770798332321,96.94444444444444,0.23588191953256368
160,20,2,9.44147304990787,43.47222222222222,0.11812975405705427
161,20,2,9.698001723065515,63.888888888888886,0.14850979546692075
162,20,2,9.798952854283598,70.55555555555556,0.1604651823990223
163,20,2,8.953212651373804,8.75,0.060306310994425134
164,20,2,9.11694565000191,19.305555555555557,0.07969679556387
165,20,4,9.103866947595916,18.47222222222222,0.07814791794410693
166,20,4,9.523485004886595,50.55555555555556,0.12784222228795122
167,20,4,9.7275976861388,65.55555555555556,0.15201477045729447
168,20,4,9.658585732877643,61.52777777777778,0.14384185952284584
169,20,4,10.679377238071826,99.44444444444444,0.26473161354882796
170,20,4,9.611119247515962,58.47222222222223,0.13822052381359148
171,20,4,9.519500309867711,50.0,0.12737032494334133
172,20,4,9.791158385263525,69.72222222222221,0.15954210316314982
173,20,4,9.159880114135834,21.52777777777778,0.08478141547104702
174,20,4,9.658585732877643,61.52777777777778,0.14384185952284584
175,20,6,9.485754367742894,46.111111111111114,0.12337387843875555
176,20,6,9.496286513085293,47.638888888888886,0.12462117375158861
177,20,6,8.988638183542228,11.38888888888889,0.06450166709632152
178,20,6,9.726348011569648,65.27777777777779,0.15186677466137669
179,20,6,9.332553514457187,34.166666666666664,0.10523068918214375
180,20,6,9.464755057054504,45.13888888888889,0.12088698322957983
181,20,6,8.666073738953354,1.9444444444444444,0.02630117643250212
182,20,6,9.41428310523148,41.66666666666667,0.11490971773505958
183,20,6,10.151978284357899,88.19444444444444,0.20227309046785008
184,20,8,9.000679136735485,11.944444444444445,0.06592764670367948
185,20,8,9.183829700513263,23.61111111111111,0.08761770436202929
186,20,8,9.095162903593522,17.916666666666668,0.0771171200454894
187,20,8,9.41428310523148,41.66666666666667,0.11490971773505958
188,20,8,9.78467970129492,69.44444444444444,0.15877484902026992
189,20,8,8.953212651373804,8.75,0.060306310994425134
190,20,8,9.562615012941544,54.44444444444444,0.13247629009193201
191,20,8,9.403554764239553,40.833333333333336,0.11363918746808391
192,20,8,9.187957590071438,24.583333333333332,0.0881065598734584
193,20,8,9.767803440429033,67.77777777777779,0.15677623616487857
194,30,2,9.587764302681467,56.388888888888886,0.13545465681532004
195,30,2,10.072437902267689,85.41666666666666,0.1928533243578363
196,30,2,9.8850168997839,76.11111111111111,0.17065752945331436
197,30,2,9.56455050589905,55.00000000000001,0.1327055056235673
198,30,2,10.022469558317033,81.66666666666667,0.18693569986885566
199,30,2,9.63998123758864,59.44444444444444,0.1416385762394123
200,30,2,8.986422199677405,10.972222222222221,0.06423923373654042
201,30,2,10.168629865871722,89.44444444444444,0.2042450951163084
202,30,2,9.454327072961796,43.888888888888886,0.11965202346988386
203,30,2,9.885319628264607,76.66666666666667,0.17069338082098667
204,30,4,9.858090402668726,74.16666666666667,0.16746869255912858
205,30,4,8.988638183542228,11.38888888888889,0.06450166709632152
206,30,4,8.913365416666032,7.222222222222221,0.05558730385346963
207,30,4,9.2858223993368,31.666666666666664,0.09969644150911984
208,30,4,10.248602553122582,91.25,0.21371605803220198
209,30,4,9.64328011421917,60.0,0.14202925384830473
210,30,4,9.524017452802925,50.83333333333333,0.1279052787468943
211,30,4,9.414283105231481,41.80555555555556,0.11490971773505979
212,30,4,9.186459317384816,24.166666666666668,0.08792912323176627
213,30,4,9.186459317384816,24.166666666666668,0.08792912323176627
214,30,6,9.481845471760609,45.55555555555556,0.12291095778217968
215,30,6,9.722802538118692,65.0,0.151446893215253
216,30,6,10.168629865871722,89.44444444444444,0.2042450951163084
217,30,6,10.460920088072246,97.22222222222221,0.23886028625595188
218,30,6,9.305806836928205,32.916666666666664,0.10206314786637255
219,30,6,8.652001264892109,1.6666666666666667,0.024634608951146157
220,30,6,10.102224375214329,86.11111111111111,0.19638086095027282
221,30,6,9.607939440177887,57.77777777777777,0.137843947279604
222,30,6,9.000679136735485,11.944444444444445,0.06592764670367948
223,30,6,9.239684902239786,27.500000000000004,0.09423249451597603
224,30,8,8.864861182091614,6.111111111111111,0.049843070131810184
225,30,8,8.940291913781206,8.333333333333332,0.0587761407476554
226,30,8,10.360075660628986,93.88888888888889,0.226917535981803
227,30,8,8.911429923708527,6.944444444444445,0.05535808832183435
228,30,8,9.921310725799461,78.05555555555556,0.17495571539761107
229,30,8,9.103866947595915,18.333333333333332,0.07814791794410672
230,30,8,9.344959947721927,35.0,0.10669995166922613
231,30,8,9.183425568843681,23.333333333333332,0.08756984407138108
232,30,8,9.592279087794187,57.08333333333333,0.13598933138792343
233,30,8,9.559227504303982,54.02777777777777,0.13207511601880148
234,40,2,9.187957590071436,24.444444444444443,0.0881065598734582
235,40,2,9.0468166338325,14.444444444444443,0.0713915936968233
236,40,2,8.914615091235184,7.5,0.055735299649387414
237,40,2,9.815588090528133,71.38888888888889,0.16243525131861355
238,40,2,9.282957570127014,31.25,0.09935716703756006
239,40,2,8.74486987710951,3.6111111111111107,0.03563280361731387
240,40,2,9.221080406950783,25.833333333333336,0.09202921123254272
241,40,2,9.41254434529652,41.388888888888886,0.1147038007972933
242,40,2,9.654053711649887,60.83333333333333,0.1433051437207685
243,40,4,9.638045744631135,59.30555555555556,0.14140936070777724
244,40,4,9.842869642137396,72.5,0.16566613641778336
245,40,4,10.17765510690392,90.0,0.20531393156611805
246,40,4,9.345407537511115,35.27777777777778,0.10675295859497355
247,40,4,10.016160329714028,80.55555555555556,0.18618851389598076
248,40,4,10.640155474270655,98.61111111111111,0.26008667934408375
249,40,4,9.6591366622524,61.66666666666667,0.1439071046941283
250,40,4,10.660772742782825,99.30555555555556,0.26252833026539485
251,40,4,9.244048805739999,28.194444444444443,0.09474930056113753
252,40,6,9.578469740525295,56.111111111111114,0.1343539253465318
253,40,6,10.151978284357899,88.19444444444444,0.20227309046785008
254,40,6,9.607573774065003,57.49999999999999,0.1378006423674674
255,40,6,9.381237568617795,38.611111111111114,0.11099621848221755
256,40,6,9.524017452802925,50.83333333333333,0.1279052787468943
257,40,6,9.87091320216082,75.0,0.16898726424456675
258,40,6,9.349755095742037,36.25,0.10726782891126779
259,40,6,8.74486987710951,3.6111111111111107,0.03563280361731387
260,40,6,10.173045805410501,89.72222222222223,0.2047680636577982
261,40,6,9.900077920714207,76.94444444444444,0.17244116803806012
262,40,8,9.341694837178359,34.72222222222222,0.1063132728925405
263,40,8,9.270103547073086,30.277777777777775,0.09783489762473024
264,40,8,9.942401643420727,78.61111111111111,0.17745345938396212
265,40,8,9.41428310523148,41.66666666666667,0.11490971773505958
266,40,8,8.940291913781206,8.333333333333332,0.0587761407476554
267,40,8,8.618791716588508,0.9722222222222222,0.02070168620903087
268,40,8,9.471681893681648,45.416666666666664,0.12170731095739959
269,40,8,10.035895875358078,82.5,0.1885257446099294
270,40,8,9.698289773046124,64.30555555555556,0.1485439084969821
271,50,2,10.107961372536616,86.38888888888889,0.19706027902106402
272,50,2,9.270103547073086,30.277777777777775,0.09783489762473024
273,50,2,9.41254434529652,41.388888888888886,0.1147038007972933
274,50,2,8.666073738953356,2.2222222222222223,0.026301176432502328
275,50,2,9.332400275022186,33.88888888888889,0.10521254142375228
276,50,2,9.153620856739487,21.25,0.08404014746168417
277,50,2,9.791158385263524,69.72222222222221,0.1595421031631496
278,50,2,9.960083101492263,79.44444444444444,0.17954742970621915
279,50,2,10.164832307411825,88.88888888888889,0.20379535988067968
280,50,2,9.09104414810382,17.22222222222222,0.07662934625866855
281,50,4,10.035895875358076,82.5,0.1885257446099292
282,50,4,10.150728609788747,87.91666666666667,0.2021250946719323
283,50,4,8.605784454099577,0.5555555555555556,0.01916126903780938
284,50,4,8.929062179436388,8.055555555555555,0.05744623173507606
285,50,4,9.885016899783901,76.38888888888889,0.17065752945331458
286,50,4,9.656650239920138,61.111111111111114,0.14361264399121054
287,50,4,9.830380149064696,71.94444444444444,0.16418703736789397
288,50,4,9.370525603689208,38.19444444444444,0.10972762759097034
289,50,4,9.145807640074587,20.27777777777778,0.08311484798969085
290,50,4,9.506130184166745,48.888888888888886,0.1257869348004357
291,50,6,8.727274031768303,2.5,0.03354897219399783
292,50,6,9.540567830920317,52.22222222222223,0.1298652981332899
293,50,6,9.095162903593522,17.916666666666668,0.0771171200454894
294,50,6,9.656650239920138,61.111111111111114,0.14361264399121054
295,50,6,9.3998420639068,40.55555555555556,0.11319950176565106
296,50,6,9.496286513085293,47.638888888888886,0.12462117375158861
297,50,6,9.090556956626278,16.944444444444446,0.07657164940521315
298,50,6,8.796597189277858,4.722222222222222,0.041758738259831486
299,50,8,9.389482290178305,39.72222222222222,0.11197261998672774
300,50,8,9.769282475703575,68.19444444444444,0.15695139456855392
301,50,8,8.74486987710951,3.6111111111111107,0.03563280361731387
302,50,8,9.331303839888035,33.611111111111114,0.10508269338622596
303,50,8,9.093394509517886,17.5,0.07690769361145573
304,50,8,9.221884849553241,26.111111111111114,0.09212447933366265
305,50,8,9.0468166338325,14.444444444444443,0.0713915936968233
306,50,8,9.327605127002077,33.33333333333333,0.10464466418171062
307,50,8,9.490275456582994,46.94444444444444,0.12390929954583593
308,20,2,10.426987023073654,66.52777777777777,0.25567607490707445
309,20,2,10.726614420842624,80.55555555555556,0.29175888137193334
310,20,2,9.542308784920197,22.5,0.1491381752068043
311,20,2,10.383050487305361,63.33333333333333,0.2503849916194038
312,20,2,10.545051094575864,72.5,0.2698940104970377
313,20,2,9.860195709035002,37.22222222222222,0.187419895923773
314,20,2,9.43630165948122,17.77777777777778,0.13637220447251278
315,20,2,9.321792967576155,14.444444444444443,0.12258242757186875
316,20,2,10.462210898708356,68.05555555555556,0.2599179309487213
317,20,2,10.091991861684061,48.888888888888886,0.21533408460482237
318,20,4,9.478744855740452,20.27777777777778,0.14148345146719757
319,20,4,9.776302669942089,33.19444444444444,0.17731702710777605
320,20,4,11.675477569036225,97.77777777777777,0.4060262867989415
321,20,4,10.910629784493192,87.77777777777777,0.3139190402979996
322,20,4,9.925319714156561,42.77777777777778,0.1952624927307231
323,20,4,9.474504731793406,19.166666666666668,0.14097283203483768
324,20,4,9.714639047875343,30.277777777777775,0.16989114897538915
325,20,4,9.07301290838455,7.5,0.09262294190744921
326,20,4,11.75556428548871,98.61111111111111,0.4156707769613171
327,20,6,10.140454718975874,50.69444444444444,0.22117025283715105
328,20,6,10.220874828610626,54.02777777777777,0.23085489207054619
329,20,6,10.66793558331458,77.77777777777779,0.2846924476817143
330,20,6,9.247980977278228,11.527777777777779,0.113693575015202
331,20,6,11.064727394658833,91.11111111111111,0.33247633607837873
332,20,6,8.377785275190172,0.8333333333333334,0.008899743280209003
333,20,6,10.228247575061326,55.00000000000001,0.23174275941937997
334,20,6,10.710378779573812,80.0,0.2898036946763991
335,20,6,9.49213173827954,21.38888888888889,0.14309557470900522
336,20,8,8.921431066923383,4.861111111111112,0.07436860906019899
337,20,8,9.885617653335485,39.166666666666664,0.19048134859126914
338,20,8,10.704194488711693,79.72222222222223,0.28905894779423214
339,20,8,9.92501207714522,42.77777777777778,0.19522544536180994
340,20,8,10.413969044387638,65.83333333333333,0.25410837712980594
341,20,8,9.742559789839579,31.666666666666664,0.17325352082840503
342,20,8,10.80463155372777,85.0,0.3011541407100279
343,20,8,9.60615001700286,24.72222222222222,0.15682629331238923
344,20,8,11.17712176619444,92.77777777777779,0.3460114946989058
345,20,8,8.377785275190172,0.8333333333333334,0.008899743280209003
346,30,2,9.886487738374724,39.44444444444444,0.1905861290963651
347,30,2,10.426987023073654,66.52777777777777,0.25567607490707445
348,30,2,11.565019753180035,97.5,0.3927243390406692
349,30,2,9.388059805160504,16.25,0.13056265065359765
350,30,2,9.542308784920198,22.77777777777778,0.14913817520680453
351,30,2,10.327364202216563,59.44444444444444,0.24367893782536668
352,30,2,9.776302669942089,33.19444444444444,0.17731702710777605
353,30,2,10.267573682661808,56.80555555555556,0.23647862917004456
354,30,2,9.45045537320583,18.61111111111111,0.13807667381305658
355,30,2,10.475067526474232,68.88888888888889,0.2614661979460689
356,30,4,10.242971659423086,55.55555555555556,0.23351591598100813
357,30,4,10.162625105253758,51.66666666666667,0.22384013470801004
358,30,4,9.38335650983058,16.11111111111111,0.12999625353370692
359,30,4,9.815689864975491,35.55555555555556,0.18206025334865453
360,30,4,9.934098134625371,43.19444444444444,0.196319639203982
361,30,4,9.309454084240214,13.61111111111111,0.12109651025349814
362,30,4,9.195589760111927,10.277777777777777,0.10738433172321288
363,30,4,9.802374137984923,35.27777777777778,0.18045669905583242
364,30,4,9.886487738374724,39.44444444444444,0.1905861290963651
365,30,6,10.883131675566815,87.5,0.31060756427835634
366,30,6,10.198704442332739,53.05555555555556,0.22818501019968676
367,30,6,10.26025378811323,56.111111111111114,0.23559712654276088
368,30,6,9.326616030558514,15.0,0.1231632477820902
369,30,6,10.481002271483302,69.16666666666667,0.2621808931213934
370,30,6,9.788535954196782,33.88888888888889,0.1787902275943752
371,30,6,9.765598736733374,32.5,0.17602799962477986
372,30,6,8.455464691060973,0.8333333333333334,0.018254332847250452
373,30,6,9.463092153506953,19.02777777777778,0.1395984655495249
374,30,6,10.338623796351051,60.55555555555555,0.24503488110376093
375,30,8,8.701844385437951,2.7777777777777777,0.047924753160183006
376,30,8,9.501924129288788,21.666666666666668,0.1442748291838827
377,30,8,9.604181232019156,24.305555555555554,0.15658920121711728
378,30,8,8.988535449567562,6.388888888888888,0.08244969400077157
379,30,8,9.634009671534171,26.666666666666668,0.16018130867519062
380,30,8,10.528477736292704,71.38888888888889,0.26789815403045
381,30,8,8.981312021770577,6.111111111111111,0.08157980843906314
382,30,8,8.879826571230323,3.888888888888889,0.06935836307689196
383,30,8,9.49213173827954,21.38888888888889,0.14309557470900522
384,30,8,11.74937999462659,98.33333333333333,0.4149260300791501
385,40,2,10.070924218639785,47.77777777777778,0.21279700123962397
386,40,2,9.501924129288788,21.666666666666668,0.1442748291838827
387,40,2,10.085954576653409,48.61111111111111,0.2146070409867945
388,40,2,9.402213518885114,16.666666666666664,0.13226711999414145
389,40,2,10.614978882935857,75.55555555555556,0.2783151057396521
390,40,2,10.766988033534519,82.63888888888889,0.2966208975423373
391,40,2,10.693436680720264,79.16666666666666,0.28776343240868607
392,40,2,10.366978473491052,61.66666666666667,0.2484495098567867
393,40,2,9.952754575959073,43.888888888888886,0.198566352178094
394,40,2,9.650792296523754,27.77777777777778,0.16220236620858194
395,40,4,9.910372755675663,41.66666666666667,0.19346249642157254
396,40,4,8.701844385437953,3.0555555555555554,0.04792475316018322
397,40,4,10.226736018154272,54.72222222222223,0.2315607292854737
398,40,4,10.821414178717355,85.83333333333333,0.30317519824341943
399,40,4,9.548407157383773,23.333333333333332,0.14987257531504647
400,40,4,10.03577753001275,45.83333333333333,0.2085644404889952
401,40,4,9.195589760111927,10.277777777777777,0.10738433172321288
402,40,4,8.787286984050176,3.0555555555555554,0.058214228597127896
403,40,4,10.743041928800658,80.83333333333333,0.29373717372691577
404,40,4,8.69212571438139,2.7777777777777777,0.046754376454178626
405,40,6,10.056640391313953,46.94444444444444,0.21107686289175215
406,40,6,10.743808759986184,81.25,0.29382951982565236
407,40,6,9.6789938945623,28.749999999999996,0.1655985603203408
408,40,6,10.669906334395815,78.05555555555556,0.2849297765454434
409,40,6,8.455464691060975,1.1111111111111112,0.018254332847250667
410,40,6,9.553721363206652,23.47222222222222,0.15051254169211728
411,40,6,10.669906334395817,78.33333333333333,0.2849297765454436
412,40,6,11.257197439707408,93.88888888888889,0.3556546550087633
413,40,6,9.061445677238723,7.361111111111112,0.09122995126014201
414,40,6,10.407784753525522,64.58333333333334,0.25336363024763936
415,40,8,10.788825026630136,84.16666666666667,0.29925063034217675
416,40,8,10.688122474897385,79.02777777777777,0.28712346603161526
417,40,8,9.143810781783785,9.166666666666666,0.10114881765516001
418,40,8,9.240584843911144,10.833333333333334,0.11280289128314033
419,40,8,9.834260676453551,36.25,0.18429665429679112
420,40,8,9.606150017002859,24.444444444444443,0.156826293312389
421,40,8,11.257197439707408,93.88888888888889,0.3556546550087633
422,40,8,10.883131675566814,87.5,0.3106075642783561
423,40,8,11.75556428548871,98.61111111111111,0.4156707769613171
424,50,2,10.056640391313952,46.666666666666664,0.21107686289175193
425,50,2,10.299101228202195,57.91666666666667,0.24027535247544454
426,50,2,10.614978882935857,75.55555555555556,0.2783151057396521
427,50,2,9.307771496832983,13.055555555555557,0.12089388367052412
428,50,2,9.321883402868595,14.86111111111111,0.12259331829541079
429,50,2,9.640108043997746,26.944444444444443,0.16091570878343253
430,50,2,10.39363103980091,63.61111111111111,0.2516591609070954
431,50,2,9.721437090821532,30.97222222222222,0.17070980731502558
432,50,2,10.56142282279226,73.61111111111111,0.27186558554366597
433,50,2,8.923921867030447,5.0,0.07466856513522778
434,50,4,10.48431609038086,69.44444444444444,0.2625799617206955
435,50,4,10.187906355194688,52.22222222222223,0.22688464417410256
436,50,4,10.590170690719443,74.44444444444444,0.27532756452962537
437,50,4,9.632221485045694,26.38888888888889,0.15996596526044535
438,50,4,10.41020439808407,65.55555555555556,0.25365501737368307
439,50,4,10.242971659423086,55.55555555555556,0.23351591598100813
440,50,4,10.204301470327465,53.333333333333336,0.22885903560395846
441,50,4,9.92501207714522,42.77777777777778,0.19522544536180994
442,50,4,10.366211642305528,61.38888888888889,0.24835716375805034
443,50,6,9.632221485045694,26.38888888888889,0.15996596526044535
444,50,6,9.714639047875346,30.555555555555557,0.16989114897538957
445,50,6,10.226736018154272,54.72222222222223,0.2315607292854737
446,50,6,8.873891826221252,3.6111111111111107,0.06864366790156717
447,50,6,8.33534207893094,0.5555555555555556,0.0037884962855242155
448,50,6,10.662621377491702,77.5,0.2840524813046435
449,50,6,11.40529877575685,95.55555555555556,0.3734898459347262
450,50,6,9.776302669942087,33.05555555555556,0.17731702710777586
451,50,6,10.481002271483302,69.16666666666667,0.2621808931213934
452,50,6,9.55854442618901,23.61111111111111,0.15109336190233874
453,50,8,10.140454718975874,50.69444444444444,0.22117025283715105
454,50,8,10.878743246024564,87.08333333333333,0.3100790850570409
455,50,8,10.298615620457248,57.638888888888886,0.24021687287575094
456,50,8,9.980239168059835,44.861111111111114,0.20187620042602383
457,50,8,10.204301470327467,53.333333333333336,0.22885903560395868
458,50,8,10.51389950225607,71.38888888888889,0.2661425615804269
459,50,8,9.747873995662456,31.666666666666664,0.17389348720547565
460,50,8,9.536222228642867,22.36111111111111,0.14840519806977462
461,50,8,10.03577753001275,45.83333333333333,0.2085644404889952
462,50,8,10.06200847191955,47.22222222222222,0.21172331717137322
463,20,2,10.267123638873475,22.5,0.11721010148813883
464,20,2,10.087149813162878,13.194444444444445,0.09762637159848822
465,20,2,10.696692860690813,47.083333333333336,0.16395338527266987
466,20,2,10.717165154692331,50.27777777777778,0.16618106407187447
467,20,2,10.738038161539484,52.77777777777778,0.16845234616784308
468,20,2,10.804677698277477,60.27777777777777,0.17570368220126642
469,20,2,9.974271945432218,7.777777777777778,0.08534364291041993
470,20,2,10.918953422947224,65.27777777777779,0.1881385177449365
471,20,2,10.261236588400504,21.666666666666668,0.11656950608014437
472,20,2,10.066354531015879,10.555555555555555,0.09536354706309846
473,20,4,10.161083739829921,18.333333333333332,0.10567144172916872
474,20,4,10.756549263938998,55.55555555555556,0.1704666192318313
475,20,4,11.045673764941723,74.02777777777779,0.20192750588999595
476,20,4,10.784841456994926,58.05555555555556,0.17354521504766998
477,20,4,10.219901715023997,20.833333333333336,0.11207167984328872
478,20,4,10.176611128570588,19.444444444444446,0.10736104401321304
479,20,4,10.484941238964952,33.75,0.1409117760430975
480,20,4,10.683741032570225,45.27777777777778,0.16254404087223104
481,20,4,10.077050615470373,12.5,0.09652743424506315
482,20,4,10.831854029231017,62.22222222222222,0.17866085623857178
483,20,6,10.669127211895082,43.611111111111114,0.1609538478781787
484,20,6,11.000129704184234,71.38888888888889,0.19697165978053588
485,20,6,10.075099143142308,11.666666666666666,0.0963150861060543
486,20,6,10.404538611535523,29.166666666666668,0.13216281862232165
487,20,6,10.628457895617624,40.27777777777778,0.15652844378605674
488,20,6,10.218080210736918,20.555555555555554,0.11187347408858991
489,20,6,10.077050615470373,12.5,0.09652743424506315
490,20,6,11.059781512195952,75.0,0.20346263084768038
491,20,6,10.889873106629526,63.61111111111111,0.1849741628304215
492,20,6,10.945846693990271,67.36111111111111,0.19106489080989036
493,20,8,10.756549263939,55.55555555555556,0.17046661923183148
494,20,8,10.989433619729741,70.97222222222223,0.1958077725985714
495,20,8,10.434058908334368,30.833333333333336,0.1353750497147502
496,20,8,10.118519697636707,15.277777777777779,0.10103986432044039
497,20,8,9.744226618894144,3.194444444444444,0.060311416588007344
498,20,8,10.090227504580778,13.88888888888889,0.0979612685046015
499,20,8,10.79983985039241,59.44444444444444,0.17517725506190715
500,20,8,11.05978151219595,75.0,0.2034626308476802
501,20,8,10.39203727585285,28.888888888888886,0.13080249425124893
502,30,2,10.338575643187326,25.833333333333336,0.12498510291977324
503,30,2,10.716622744980636,50.0,0.1661220421266476
504,30,2,10.170582408289349,18.61111111111111,0.10670503290103105
505,30,2,10.408292634586271,29.72222222222222,0.13257131009676298
506,30,2,10.381269395502237,27.77777777777778,0.12963079464749888
507,30,2,11.773447068848707,98.33333333333333,0.28111966479609946
508,30,2,11.556194865987749,94.58333333333333,0.2574795135576515
509,30,2,10.087149813162876,13.055555555555557,0.09762637159848803
510,30,2,10.716622744980636,50.0,0.1661220421266476
511,30,4,10.197083422572106,20.0,0.10958872281241766
512,30,4,10.929718205793161,65.83333333333333,0.1893098802958142
513,30,4,11.2234790397442,80.97222222222223,0.2212752663820472
514,30,4,10.39203727585285,28.888888888888886,0.13080249425124893
515,30,4,10.31168237214428,24.444444444444443,0.12205872985481937
516,30,4,10.694959578582946,46.94444444444444,0.16376477935462028
517,30,4,9.81608833948259,4.722222222222222,0.06813100101842713
518,30,4,11.406997444132557,91.94444444444444,0.24124469719861752
519,30,4,10.986806593973943,70.55555555555556,0.19552191457109674
520,30,4,10.664920253820213,43.05555555555556,0.16049607058600843
521,30,6,10.036253600513945,9.166666666666666,0.09208813470772109
522,30,6,11.221115125745426,80.69444444444444,0.22101803868212155
523,30,6,10.664920253820213,43.05555555555556,0.16049607058600843
524,30,6,10.51153136833746,34.44444444444444,0.14380516295258852
525,30,6,10.770405333186568,57.36111111111111,0.17197435801776478
526,30,6,10.08768852778,13.333333333333334,0.09768499146450296
527,30,6,11.406997444132555,91.80555555555556,0.24124469719861732
528,30,6,11.773447068848707,98.33333333333333,0.28111966479609946
529,30,6,10.155609839225885,18.055555555555554,0.10507580294420107
530,30,6,10.012154724221357,8.61111111111111,0.08946583181398232
531,30,8,10.551442065733227,35.27777777777778,0.14814801844515949
532,30,8,10.696692860690813,47.083333333333336,0.16395338527266987
533,30,8,11.380104173089508,90.83333333333333,0.23831832413366347
534,30,8,9.625873646271224,1.9444444444444444,0.04743291807116431
535,30,8,10.164618578071396,18.333333333333332,0.10605608275711442
536,30,8,10.483119734677874,33.33333333333333,0.14071357028839887
537,30,8,10.764931432582532,56.388888888888886,0.17137871923279716
538,30,8,10.693806721890763,46.52777777777778,0.1636393320348667
539,30,8,10.362516979054005,26.666666666666668,0.12759026315882038
540,30,8,10.428919927883351,30.555555555555557,0.13481585503928253
541,40,2,10.825688470139168,61.38888888888889,0.1779899551039389
542,40,2,10.362956959535154,26.944444444444443,0.12763813933673412
543,40,2,9.825187980639825,5.416666666666667,0.06912117230479292
544,40,2,11.135735609582506,78.88888888888889,0.21172752448628293
545,40,2,10.622898621338695,39.72222222222222,0.15592351512250718
546,40,2,10.718832552147841,50.55555555555556,0.16636250079612294
547,40,2,9.85628846767703,6.388888888888888,0.07250535072722979
548,40,2,10.791637647977678,58.88888888888889,0.17428473796417857
549,40,2,11.064947736635146,76.38888888888889,0.20402479005926022
550,40,2,11.64453968157956,96.38888888888889,0.26709269480147924
551,40,4,10.889873106629528,63.74999999999999,0.1849741628304217
552,40,4,11.249375281533283,82.77777777777777,0.22409314838434446
553,40,4,9.930222394344074,6.805555555555555,0.08055042085791027
554,40,4,11.238904801751078,82.5,0.22295381022191924
555,40,4,10.054626849140789,9.722222222222223,0.09408740730684949
556,40,4,10.483119734677874,33.33333333333333,0.14071357028839887
557,40,4,10.142432950115479,17.22222222222222,0.10364196868466252
558,40,4,10.973796915508341,69.72222222222221,0.19410627522456617
559,40,4,10.032176352560771,8.88888888888889,0.09164447173454814
560,40,4,10.736370764083976,52.361111111111114,0.16827090944359482
561,40,6,10.338575643187326,25.833333333333336,0.12498510291977324
562,40,6,10.64323122802529,41.388888888888886,0.15813599394119418
563,40,6,10.718832552147841,50.55555555555556,0.16636250079612294
564,40,6,10.121327991617985,15.555555555555555,0.10134544692703855
565,40,6,11.125636411890003,78.33333333333333,0.21062858713285806
566,40,6,10.21808021073692,20.555555555555554,0.11187347408859011
567,40,6,9.824737314977721,5.0,0.06907213342615412
568,40,6,9.829395196633984,5.694444444444445,0.06957897766227591
569,40,6,10.172403912576428,19.02777777777778,0.10690323865572987
570,40,6,10.6448986254808,41.66666666666667,0.15831743066544263
571,40,8,9.997087968522091,8.055555555555555,0.08782635300220085
572,40,8,11.073329905278678,76.94444444444444,0.20493689006022592
573,40,8,10.70973291099061,48.888888888888886,0.16537232950975753
574,40,8,10.622898621338697,39.72222222222222,0.15592351512250738
575,40,8,10.362516979054005,26.666666666666668,0.12759026315882038
576,40,8,10.281258216739918,23.055555555555557,0.11874814600071017
577,40,8,10.267123638873475,22.5,0.11721010148813883
578,40,8,10.958798522110857,67.77777777777779,0.192474235210329
579,40,8,10.751891382282736,55.00000000000001,0.1699597749957095
580,40,8,9.746048123181222,3.3333333333333335,0.06050962234270596
581,50,2,11.304799407797491,86.66666666666667,0.23012408712692314
582,50,2,10.973796915508341,69.72222222222221,0.19410627522456617
583,50,2,10.714801240693557,49.44444444444444,0.1659238363719488
584,50,2,11.380104173089508,90.83333333333333,0.23831832413366347
585,50,2,10.709327340089523,48.333333333333336,0.16532819758698136
586,50,2,11.276719218238433,84.72222222222221,0.22706856032793715
587,50,2,10.969719667555168,68.88888888888889,0.19366261225139322
588,50,2,9.759354980332617,3.888888888888889,0.06195759898655493
589,50,2,9.810189587242341,4.166666666666666,0.06748913229055575
590,50,2,10.072392733814109,11.38888888888889,0.09602059000894116
591,50,4,11.537683763588234,93.88888888888889,0.2554652404936633
592,50,4,10.273684303229928,22.77777777777778,0.1179239957344057
593,50,4,11.301077772693706,86.52777777777779,0.22971911992498364
594,50,4,11.238904801751078,82.5,0.22295381022191924
595,50,4,10.744641328800487,53.888888888888886,0.16917086533886752
596,50,4,9.82473731497772,5.0,0.06907213342615393
597,50,4,10.798790647804505,59.44444444444444,0.17506308679327195
598,50,4,10.32145834493436,24.72222222222222,0.12312249570951302
599,50,4,10.622898621338697,39.72222222222222,0.15592351512250738
600,50,4,10.739165158834435,53.333333333333336,0.16857497961480994
601,50,6,10.81355227844489,60.97222222222223,0.17666936362853208
602,50,6,10.955255441274632,67.5,0.1920886972700209
603,50,6,11.309692674698436,86.94444444444444,0.23065654464894175
604,50,6,11.064947736635148,76.52777777777777,0.2040247900592604
605,50,6,10.06975521057926,10.833333333333334,0.09573358970539689
606,50,6,10.631858575181003,40.833333333333336,0.15689848642835497
607,50,6,11.234246920094813,81.38888888888889,0.22244696598579725
608,50,6,10.860596887949049,62.916666666666664,0.18178849093304927
609,50,6,11.280926434232594,85.41666666666666,0.2275263656854203
610,50,6,11.48513403550214,92.77777777777779,0.24974707744106756
611,50,8,11.631499631279764,95.55555555555556,0.2656737505643916
612,50,8,11.000129704184234,71.38888888888889,0.19697165978053588
613,50,8,10.261236588400504,21.666666666666668,0.11656950608014437
614,50,8,11.356681865186713,89.72222222222223,0.23576964157079924
615,50,8,10.709327340089523,48.333333333333336,0.16532819758698136
616,50,8,11.238904801751076,82.5,0.22295381022191904
617,50,8,10.759769690238958,56.25,0.1708170477374149
618,50,8,10.089776838918675,13.88888888888889,0.09791222962596288
619,50,8,10.973796915508341,69.72222222222221,0.19410627522456617
620,50,8,10.04512818068136,9.444444444444445,0.09305381613498695
621,20,2,10.4853470880847,28.888888888888886,0.12147312209491685
622,20,2,9.866531237428092,6.527777777777779,0.05528691593429138
623,20,2,11.094372921279254,70.13888888888889,0.1866122249640347
624,20,2,10.452442197259606,27.22222222222222,0.11795373925181145
625,20,2,10.249936055816862,18.47222222222222,0.0962944472150924
626,20,2,10.82260632701558,48.333333333333336,0.15754509648563375
627,20,2,10.19160007827985,15.0,0.09005505138877427
628,20,2,11.449080725426729,87.77777777777777,0.2245504319882682
629,20,2,10.50267238274686,29.72222222222222,0.1233261701755157
630,20,2,10.27471461138916,19.166666666666668,0.09894466793217714
631,20,4,9.732195209300905,3.6111111111111107,0.04091884174389791
632,20,4,10.209410520849557,15.972222222222221,0.0919599890571935
633,20,4,11.066214743195328,67.77777777777779,0.18360053258771175
634,20,4,11.388089651691082,85.27777777777777,0.21802705710066295
635,20,4,9.542876068241135,1.6666666666666667,0.020669981461733402
636,20,4,10.816717584087282,47.5,0.15691525878340676
637,20,4,10.728028276860648,42.22222222222222,0.1474293854559596
638,20,4,10.90434530398006,55.41666666666667,0.1662875887391682
639,20,4,11.681280327927002,95.41666666666667,0.24938562446950702
640,20,4,11.575273057891827,91.11111111111111,0.23804748724883232
641,20,6,11.504772314598737,89.72222222222223,0.23050699402274144
642,20,6,9.923235653838562,8.055555555555555,0.06135180614481054
643,20,6,10.528859317210728,31.38888888888889,0.126127025779491
644,20,6,9.772758647880542,4.722222222222222,0.04525735392901249
645,20,6,10.231834149948655,16.944444444444446,0.09435833573310287
646,20,6,10.115637931302006,11.38888888888889,0.08193042705191443
647,20,6,10.172512927720565,14.166666666666666,0.08801356185582958
648,20,6,11.641137820375455,94.02777777777777,0.24509213347732894
649,20,6,10.835884919260707,50.0,0.15896532455982795
650,20,6,10.363530824947466,24.166666666666668,0.10844411468154339
651,20,8,9.453309851519368,0.8333333333333334,0.011090317206714622
652,20,8,11.539223681918196,90.69444444444444,0.23419178215074704
653,20,8,10.5855637336212,35.41666666666667,0.13219191599001034
654,20,8,9.542876068241135,1.6666666666666667,0.020669981461733402
655,20,8,10.91603831624609,56.94444444444444,0.1675382291674264
656,20,8,11.273096953965934,78.88888888888889,0.20572787247162125
657,20,8,10.753303230281276,44.166666666666664,0.15013269901204068
658,20,8,9.941923005903405,8.75,0.06335053474080159
659,20,8,10.670296329114901,39.72222222222222,0.1412545943747356
660,20,8,11.065922291932067,67.36111111111111,0.18356925310516195
661,30,2,9.732195209300905,3.6111111111111107,0.04091884174389791
662,30,2,10.175886380933894,14.444444444444443,0.08837437367022277
663,30,2,10.38838056618115,24.86111111111111,0.11110194914810664
664,30,2,9.734933163189861,3.888888888888889,0.04121168295079413
665,30,2,9.45330985151937,0.9722222222222222,0.011090317206714813
666,30,2,11.229762974767391,76.66666666666667,0.20109303372605297
667,30,2,10.8761882599578,53.333333333333336,0.16327601765779776
668,30,2,11.268550304629981,78.61111111111111,0.20524158003103463
669,30,2,10.532695182970327,32.22222222222222,0.12653729549333229
670,30,2,11.232678062976802,77.08333333333334,0.2014048205508406
671,30,4,10.040779006956575,9.722222222222223,0.07392379924102019
672,30,4,11.166636166172722,74.16666666666667,0.19434122870445272
673,30,4,9.885975236888644,7.222222222222221,0.05736657267792148
674,30,4,11.43693763680126,87.5,0.22325165309251224
675,30,4,10.836982831131348,50.27777777777778,0.15908275306677286
676,30,4,10.360764436302713,23.75,0.10814823220056335
677,30,4,10.889851381782222,54.72222222222223,0.16473737356345108
678,30,4,10.38838056618115,24.86111111111111,0.11110194914810664
679,30,4,10.470321908857601,28.61111111111111,0.11986608567387189
680,30,4,11.246574583983987,77.5,0.20289113995154937
681,30,6,10.55602608130528,33.19444444444444,0.12903268026001413
682,30,6,11.036539508479102,65.41666666666667,0.18042658156381822
683,30,6,10.728028276860648,42.22222222222222,0.1474293854559596
684,30,6,10.803918974950736,46.111111111111114,0.1555463678896427
685,30,6,10.1338681305341,11.944444444444445,0.08388026030755005
686,30,6,9.45000682988965,0.5555555555555556,0.010737038488489297
687,30,6,11.343650195161256,82.77777777777777,0.21327398067505376
688,30,6,10.341857199011828,22.22222222222222,0.10612598551128656
689,30,6,11.034501329764824,65.13888888888889,0.1802085856666022
690,30,6,10.175886380933896,14.444444444444443,0.08837437367022295
691,30,8,11.085387493589277,69.86111111111111,0.18565117755566732
692,30,8,10.596589519884915,36.11111111111111,0.13337119244512852
693,30,8,11.73068464660611,96.11111111111111,0.2546697237986548
694,30,8,11.094372921279254,70.13888888888889,0.1866122249640347
695,30,8,11.155333715621879,73.05555555555556,0.19313236128212563
696,30,8,10.97746158216093,61.111111111111114,0.17410782969815758
697,30,8,11.246574583983987,77.5,0.20289113995154937
698,30,8,11.229762974767391,76.66666666666667,0.20109303372605297
699,30,8,11.657360864791885,94.44444444444444,0.246827289034769
700,30,8,9.64888333827631,2.083333333333333,0.032008118682408104
701,40,2,10.237558377708408,17.22222222222222,0.09497057751426506
702,40,2,10.749574996464613,43.611111111111114,0.14973394120429734
703,40,2,10.439545574152193,26.52777777777778,0.11657436515391564
704,40,2,11.265812350741024,78.33333333333333,0.20494873882413842
705,40,2,11.066214743195326,67.5,0.18360053258771156
706,40,2,9.79376302280625,5.277777777777778,0.04750390253896304
707,40,2,10.749282545201352,43.333333333333336,0.14970266172174754
708,40,2,10.238948173165477,17.5,0.0951192247871897
709,40,2,11.417627304007004,86.80555555555556,0.22118629283065935
710,40,2,9.405567373359824,0.5555555555555556,0.0059839620628801046
711,40,4,10.024844307235114,9.444444444444445,0.0722194839430956
712,40,4,11.324498073644742,81.52777777777777,0.21122554209391473
713,40,4,10.812133089897666,47.083333333333336,0.15642491860020977
714,40,4,10.807221996580457,46.52777777777778,0.15589964660786843
715,40,4,11.157650738482745,73.61111111111111,0.19338018129608534
716,40,4,10.73880930808344,42.638888888888886,0.14858248383632375
717,40,4,11.015813977699981,63.61111111111111,0.17820985707061113
718,40,4,10.430710658335315,26.111111111111114,0.11562941592702168
719,40,4,9.928099050933437,8.333333333333332,0.06187197672935651
720,40,4,9.928099050933437,8.333333333333332,0.06187197672935651
721,40,6,10.339760061377003,22.083333333333332,0.10590168359061262
722,40,6,10.967759657786063,60.27777777777777,0.17307014851053393
723,40,6,9.732195209300905,3.6111111111111107,0.04091884174389791
724,40,6,10.94333084758047,58.88888888888889,0.17045733523690718
725,40,6,11.388089651691084,85.55555555555556,0.21802705710066314
726,40,6,11.002311323394613,63.19444444444444,0.17676566416472084
727,40,6,11.604269131906038,92.77777777777779,0.24114879780918233
728,40,6,11.00216070719686,62.77777777777778,0.1767495548250763
729,40,6,11.043434259552571,65.83333333333333,0.18116401809762808
730,40,6,10.401399060543733,25.27777777777778,0.11249435813515607
731,40,8,11.73068464660611,96.11111111111111,0.2546697237986548
732,40,8,10.831035421136624,48.888888888888886,0.15844664055670243
733,40,8,10.360764436302713,23.75,0.10814823220056335
734,40,8,10.849708874230673,50.83333333333333,0.16044388257127284
735,40,8,10.73880930808344,42.638888888888886,0.14858248383632375
736,40,8,9.72744228185558,3.4722222222222223,0.04041048657583149
737,40,8,11.066214743195326,67.5,0.18360053258771156
738,40,8,10.776011147886814,45.27777777777778,0.15256145211286049
739,40,8,9.995461523782149,9.444444444444445,0.06907681240175187
740,50,2,11.094372921279254,70.13888888888889,0.1866122249640347
741,50,2,9.732195209300905,3.6111111111111107,0.04091884174389791
742,50,2,10.205424033249816,15.555555555555555,0.09153360940021915
743,50,2,9.772758647880542,4.722222222222222,0.04525735392901249
744,50,2,10.52885931721073,31.52777777777778,0.1261270257794912
745,50,2,10.168707341353986,13.88888888888889,0.08760653071150264
746,50,2,10.445547446186135,26.666666666666668,0.11721630271800138
747,50,2,11.229762974767391,76.66666666666667,0.20109303372605297
748,50,2,10.812133089897664,46.94444444444444,0.15642491860020957
749,50,2,10.175886380933894,14.444444444444443,0.08837437367022277
750,50,4,11.013076023811024,63.33333333333333,0.17791701586371492
751,50,4,10.876188259957804,53.61111111111111,0.16327601765779814
752,50,4,10.237558377708408,17.22222222222222,0.09497057751426506
753,50,4,11.306375789320661,80.55555555555556,0.209287251009253
754,50,4,11.710276401941211,95.83333333333334,0.25248693502985686
755,50,4,10.445547446186135,26.666666666666668,0.11721630271800138
756,50,4,11.680283881110768,95.27777777777777,0.24927904828155478
757,50,4,10.583954052938088,35.0,0.13201975062379975
758,50,4,10.960207473160153,59.44444444444444,0.17226239536703705
759,50,6,10.849708874230673,50.83333333333333,0.16044388257127284
760,50,6,10.5855637336212,35.41666666666667,0.13219191599001034
761,50,6,11.707538448052254,95.55555555555556,0.25219409382296065
762,50,6,11.710276401941211,95.83333333333334,0.25248693502985686
763,50,6,10.28872338567945,19.72222222222222,0.10044299352007387
764,50,6,9.866531237428093,6.666666666666667,0.05528691593429157
765,50,6,10.649187770920026,38.05555555555556,0.13899690271580806
766,50,6,10.962077251725807,59.72222222222222,0.17246237982039223
767,50,6,9.542876068241135,1.6666666666666667,0.020669981461733402
768,50,6,9.72744228185558,3.4722222222222223,0.04041048657583149
769,50,8,11.663098991522428,94.44444444444444,0.24744101739735144
770,50,8,11.002311323394613,63.19444444444444,0.17676566416472084
771,50,8,10.33606115929263,21.38888888888889,0.10550606299417098
772,50,8,10.167392270449763,13.61111111111111,0.0874658756945208
773,50,8,11.417627304007002,86.66666666666667,0.22118629283065916
774,50,8,10.865486788456083,51.94444444444445,0.16213142868470803
775,50,8,10.146666739670644,12.777777777777777,0.0852491512013139
776,50,8,10.238948173165475,17.5,0.09511922478718951
777,20,2,10.299632309149757,46.666666666666664,0.23968530112642805
778,20,2,9.746306715164945,21.38888888888889,0.17308587456334062
779,20,2,9.50769007155333,14.444444444444443,0.14436547593059945
780,20,2,10.450871223995751,58.611111111111114,0.2578887334495735
781,20,2,10.354966038194856,52.22222222222223,0.24634538456385172
782,20,2,9.393065829322593,8.61111111111111,0.13056906223532927
783,20,2,10.358670053728677,52.77777777777778,0.24679120762574314
784,20,2,11.522944984222265,96.38888888888889,0.386925775004493
785,20,2,9.827830001251987,25.555555555555554,0.182898187899211
786,20,4,10.853733305809822,80.0,0.30637805677837143
787,20,4,9.359861351655438,6.666666666666667,0.12657250180870264
788,20,4,9.472569973612048,10.833333333333334,0.14013834743852197
789,20,4,9.382514576447244,8.055555555555555,0.12929909135623122
790,20,4,10.712631612668824,72.5,0.2893947616761226
791,20,4,9.379343325139677,7.916666666666666,0.12891739291164928
792,20,4,9.46631210869797,10.555555555555555,0.1393851377201978
793,20,4,10.564393947563605,63.33333333333333,0.2715525660531789
794,20,4,8.898560112121968,2.083333333333333,0.07104931914780128
795,20,4,9.059987797221073,2.5,0.0904790931829819
796,20,6,11.84723579942506,98.61111111111111,0.4259580962398905
797,20,6,11.433780243050654,93.05555555555556,0.37619372014162245
798,20,6,9.701632283313447,20.0,0.16770876644528904
799,20,6,9.793774175208332,23.333333333333332,0.17879915740017727
800,20,6,9.466312108697972,10.833333333333334,0.13938513772019803
801,20,6,10.670251617059067,69.30555555555556,0.2842938167062186
802,20,6,9.361796262088014,6.944444444444445,0.12680539167799726
803,20,6,10.429718760321391,57.36111111111111,0.255342778651127
804,20,6,9.875427126334388,27.77777777777778,0.188627077491523
805,20,6,10.310762242744811,48.05555555555556,0.2410249232280874
806,20,8,9.496941805694457,13.333333333333334,0.14307179215647012
807,20,8,9.145083798171592,4.722222222222222,0.10072142595725822
808,20,8,9.382514576447244,8.055555555555555,0.12929909135623122
809,20,8,10.447265823373053,58.05555555555556,0.2574547798847788
810,20,8,11.767230296642504,97.5,0.41632846647916044
811,20,8,9.125442671256602,4.166666666666666,0.09835737881428963
812,20,8,10.18021953871784,41.66666666666667,0.22531253015481523
813,20,8,9.35278938513012,6.666666666666667,0.12572130511659288
814,20,8,10.710528061251544,72.36111111111111,0.2891415738249555
815,20,8,10.039967833371255,36.94444444444444,0.20843154136246603
816,30,2,11.265873079031623,91.11111111111111,0.3559840624625514
817,30,2,10.774229161520367,76.52777777777777,0.29680877157517876
818,30,2,9.746306715164945,21.38888888888889,0.17308587456334062
819,30,2,9.56114163432633,15.555555555555555,0.1507990178962731
820,30,2,10.344947549545765,51.80555555555556,0.24513953830206356
821,30,2,11.878608439085687,99.16666666666667,0.42973417281014475
822,30,2,10.586210455823407,65.0,0.2741784466477272
823,30,2,10.358670053728678,52.77777777777778,0.24679120762574336
824,30,2,9.586751812673613,16.38888888888889,0.1538815125624322
825,30,2,10.799422212739561,77.77777777777779,0.2998410599471836
826,30,4,9.513203817918715,14.86111111111111,0.1450291219830157
827,30,4,11.071363246413767,86.52777777777779,0.3325724519134343
828,30,4,9.371684997649625,7.638888888888889,0.12799562058661237
829,30,4,10.120462355324392,40.0,0.21812003049404935
830,30,4,10.534668756246477,61.38888888888889,0.2679747798135401
831,30,4,9.113337665605812,3.888888888888889,0.09690039499924549
832,30,4,11.106318176540292,88.05555555555556,0.33677970046164296
833,30,4,10.575551158629807,63.888888888888886,0.27289547132835534
834,30,4,10.693318873021227,70.97222222222223,0.28707023991194863
835,30,4,9.807496679391248,24.166666666666668,0.1804508267238573
836,30,6,9.956344187039196,32.77777777777778,0.198366424271601
837,30,6,9.488794459033825,12.63888888888889,0.14209116046057996
838,30,6,10.901910065857969,81.11111111111111,0.31217671244829537
839,30,6,11.520987970249482,96.25,0.3866902247068379
840,30,6,10.739427541044005,74.30555555555556,0.29261997569732984
841,30,6,9.45169050043218,9.722222222222223,0.13762525034734222
842,30,6,9.451690500432182,9.722222222222223,0.1376252503473424
843,30,6,9.388592190463196,8.472222222222223,0.1300306056992047
844,30,6,10.339242911266181,50.55555555555556,0.2444529160993311
845,30,6,10.559220839227013,62.77777777777778,0.2709299199068392
846,30,8,10.299632309149759,46.94444444444444,0.23968530112642827
847,30,8,11.238075117902047,90.55555555555556,0.35263824168184205
848,30,8,10.374363009207466,53.333333333333336,0.24868004459140877
849,30,8,10.242499794961176,43.05555555555556,0.2328087121444057
850,30,8,11.042161771204556,85.41666666666666,0.329057701240645
851,30,8,10.778458508194685,76.94444444444444,0.2973178245926212
852,30,8,10.599932960006324,65.55555555555556,0.27583011597140744
853,30,8,10.043384474864467,37.22222222222222,0.2088427754833764
854,30,8,9.937409000734084,31.11111111111111,0.19608734561792077
855,30,8,11.049252917568241,85.55555555555556,0.32991120645824257
856,40,2,10.309279056345748,47.77777777777778,0.24084640380889258
857,40,2,10.357455816393896,52.77777777777778,0.24664505947881668
858,40,2,10.679898364255058,70.13888888888889,0.28545491938868317
859,40,2,9.361796262088014,6.944444444444445,0.12680539167799726
860,40,2,10.614674259029034,66.11111111111111,0.27760440957427013
861,40,2,10.670251617059066,69.16666666666667,0.28429381670621845
862,40,2,9.970066691222115,33.88888888888889,0.20001809359528144
863,40,2,10.42905291824534,56.94444444444444,0.2552626365052934
864,40,2,10.551756199958174,62.22222222222222,0.2700314603014831
865,40,2,10.483891243689703,60.0,0.261863092128488
866,40,4,10.673179239381701,69.44444444444444,0.28464619145627595
867,40,4,10.294357506424907,46.38888888888889,0.23905041483067851
868,40,4,9.600172601477007,16.666666666666664,0.15549686679156424
869,40,4,10.650173172937931,68.33333333333333,0.2818771331490446
870,40,4,9.059987797221073,2.5,0.0904790931829819
871,40,4,9.804325428083681,23.61111111111111,0.18006912827927532
872,40,4,10.14031635029896,40.833333333333336,0.22050969888218636
873,40,4,10.120462355324392,40.0,0.21812003049404935
874,40,4,10.674725255918466,69.72222222222221,0.28483227324234345
875,40,4,10.697588598266591,71.52777777777779,0.2875841529787117
876,40,6,10.029661970681552,35.833333333333336,0.2071911061596964
877,40,6,11.799059039376912,97.77777777777777,0.4201594405699664
878,40,6,9.127060169788729,4.444444444444445,0.09855206432292572
879,40,6,9.60564742519312,17.22222222222222,0.1561558280324517
880,40,6,9.625867011189301,18.055555555555554,0.1585894997211062
881,40,6,9.361796262088014,6.944444444444445,0.12680539167799726
882,40,6,9.834921147615672,25.555555555555554,0.18375169311680858
883,40,6,9.893656896777847,28.61111111111111,0.19082125081570933
884,40,6,9.724925883491977,20.833333333333336,0.1705124329146237
885,40,6,10.44169066585077,57.77777777777777,0.2567837422569889
886,40,8,10.799422212739561,77.77777777777779,0.2998410599471836
887,40,8,10.029661970681552,35.833333333333336,0.2071911061596964
888,40,8,10.246180746376758,43.611111111111114,0.2332517591607544
889,40,8,10.344947549545763,51.66666666666667,0.24513953830206334
890,40,8,10.447265823373053,58.05555555555556,0.2574547798847788
891,40,8,10.183764045799002,41.94444444444444,0.22573915444550494
892,40,8,10.262585482696664,44.583333333333336,0.2352262675581635
893,40,8,9.960907452833059,33.05555555555556,0.19891566849314074
894,40,8,9.85031235158784,26.25,0.18560421063959293
895,40,8,10.441690665850768,57.77777777777777,0.25678374225698875
896,50,2,10.05369033755417,38.05555555555556,0.21008321068614602
897,50,2,10.005513577506022,35.41666666666667,0.20428455501622192
898,50,2,10.69422365873781,71.38888888888889,0.2871791418144487
899,50,2,9.90198106634395,29.444444444444446,0.1918231652865798
900,50,2,10.315222358228635,48.61111111111111,0.24156175206242456
901,50,2,10.627730921135901,67.22222222222223,0.279175936752117
902,50,2,9.653455523265299,18.88888888888889,0.1619101107753649
903,50,2,10.429718760321391,57.36111111111111,0.255342778651127
904,50,2,10.530876726778308,60.83333333333333,0.2675183632103036
905,50,2,9.489477166425617,12.777777777777777,0.14217333255111406
906,50,4,10.823405324192859,78.61111111111111,0.30272771743664734
907,50,4,9.077534860272735,2.7777777777777777,0.09259109441663368
908,50,4,9.788458342776096,23.194444444444446,0.17815933268297446
909,50,4,10.620971697728722,66.94444444444444,0.2783623824762555
910,50,4,11.104706337370263,87.5,0.3365856961256738
911,50,4,10.3317614066816,49.72222222222222,0.2435524265492745
912,50,4,9.572130204407825,16.11111111111111,0.15212162518957684
913,50,4,9.481136131543773,11.805555555555555,0.14116938813554306
914,50,4,10.183764045799002,41.94444444444444,0.22573915444550494
915,50,6,9.787855552476259,22.916666666666664,0.17808677958088892
916,50,6,10.408719596384602,55.833333333333336,0.2528152753299399
917,50,6,11.522944984222265,96.38888888888889,0.386925775004493
918,50,6,9.807496679391248,24.166666666666668,0.1804508267238573
919,50,6,11.03899051989699,85.27777777777777,0.328676002796063
920,50,6,10.082944892469843,38.611111111111114,0.21360435014349707
921,50,6,9.521351164579345,15.0,0.14600975367890567
922,50,6,9.513203817918715,14.86111111111111,0.1450291219830157
923,50,6,9.077534860272737,3.0555555555555554,0.0925910944166339
924,50,6,9.810337902812112,24.444444444444443,0.18079280232127085
925,50,8,10.429718760321391,57.36111111111111,0.255342778651127
926,50,8,8.848448441641242,1.3888888888888888,0.06501777360858234
927,50,8,10.712631612668824,72.5,0.2893947616761226
928,50,8,9.875427126334388,27.77777777777778,0.188627077491523
929,50,8,9.876672603376186,28.055555555555557,0.18877698571496848
930,50,8,10.429718760321391,57.36111111111111,0.255342778651127
931,50,8,10.332309801940333,50.0,0.24361843255036778
932,50,8,11.185756498196483,90.0,0.34634106311493396
933,50,8,10.534002914170426,61.111111111111114,0.2678946376677065
934,50,8,9.659098987966118,19.166666666666668,0.16258936999812537
935,20,2,12.073321456468282,99.02777777777779,0.2607126879749178
936,20,2,10.552149601977764,22.083333333333332,0.10186984887208819
937,20,2,10.678410717933957,29.166666666666668,0.11505420675221117
938,20,2,10.53541016756165,19.72222222222222,0.10012189430680891
939,20,2,11.079113220886558,58.05555555555556,0.15689610845234409
940,20,2,11.293251464452108,73.61111111111111,0.17925671581438177
941,20,2,10.944485793205695,48.888888888888886,0.14283812889479996
942,20,2,10.802127567774434,36.94444444444444,0.12797288889552605
943,20,2,10.802127567774434,36.94444444444444,0.12797288889552605
944,20,2,11.603568843593255,90.13888888888889,0.21166047964962445
945,20,4,10.555369336674206,22.5,0.10220605795907003
946,20,4,11.277567060691895,72.77777777777777,0.17761892898868367
947,20,4,10.95804683219379,49.72222222222222,0.1442541910758707
948,20,4,10.94300553479952,48.333333333333336,0.14268355829375404
949,20,4,10.923243028952887,46.38888888888889,0.1406199304878631
950,20,4,11.998605032754089,98.88888888888889,0.252910697137829
951,20,4,9.840481708468404,0.9722222222222222,0.02755651710115681
952,20,4,10.95804683219379,49.72222222222222,0.1442541910758707
953,20,4,11.695989758905691,94.02777777777777,0.2213111976387674
954,20,4,10.63669635834454,26.944444444444443,0.11069833644802483
955,20,6,11.035681606038905,54.44444444444444,0.15236092001268384
956,20,6,10.72841003379111,32.5,0.12027520348608078
957,20,6,11.711186929177298,94.72222222222221,0.2228981068792619
958,20,6,10.93872823632581,48.05555555555556,0.14223691695520402
959,20,6,10.70142146471205,30.555555555555557,0.11745702030501172
960,20,6,11.185708638029489,67.77777777777779,0.16802694724899303
961,20,6,11.400509491424234,80.83333333333333,0.1904567452328373
962,20,6,11.208337308217484,69.02777777777777,0.17038986384330942
963,20,6,10.770482700295975,34.72222222222222,0.12466848868691534
964,20,6,10.944485793205695,48.888888888888886,0.14283812889479996
965,20,8,11.13835165601429,63.61111111111111,0.16308186661761676
966,20,8,11.14383832725407,63.888888888888886,0.16365479230933114
967,20,8,11.55872798508591,88.19444444444444,0.20697813606557203
968,20,8,10.493157858504798,18.61111111111111,0.09570985058576038
969,20,8,11.335722473359509,76.66666666666667,0.18369159647201297
970,20,8,11.546638533404868,87.77777777777777,0.20571573903755416
971,20,8,10.854008539918105,40.833333333333336,0.13339037074439686
972,20,8,11.051843955962115,55.833333333333336,0.15404861462838257
973,20,8,11.51930278307186,86.11111111111111,0.20286130271658007
974,20,8,10.839848401399935,40.0,0.13191174977354753
975,30,2,10.989199626900756,51.388888888888886,0.14750720837476056
976,30,2,10.636696358344539,26.944444444444443,0.11069833644802465
977,30,2,11.3032728203457,74.16666666666667,0.18030315946050823
978,30,2,9.748927588719745,0.5555555555555556,0.01799631108662452
979,30,2,10.313120923667512,10.555555555555555,0.07691014837689736
980,30,2,12.1988079464894,99.72222222222223,0.2738161583587287
981,30,2,10.989688703015357,51.66666666666667,0.14755827836948288
982,30,2,10.539507823483373,20.27777777777778,0.10054977712514496
983,30,2,10.575951089699721,23.333333333333332,0.10435523267239072
984,30,2,11.135346025909595,62.77777777777778,0.16276801462402812
985,30,4,10.555369336674206,22.5,0.10220605795907003
986,30,4,10.416343300456246,14.166666666666666,0.08768876970075565
987,30,4,10.8047067292263,37.22222222222222,0.12824220845091328
988,30,4,10.552149601977764,22.083333333333332,0.10186984887208819
989,30,4,10.8047067292263,37.22222222222222,0.12824220845091328
990,30,4,10.49313716978466,18.333333333333332,0.09570769024139533
991,30,4,11.360566426796826,77.63888888888889,0.18628583596367362
992,30,4,10.171823499664336,5.277777777777778,0.06215567870910441
993,30,4,10.760972410066802,33.611111111111114,0.12367541121428509
994,30,4,10.765920445675464,34.44444444444444,0.12419209183898999
995,30,6,11.395585933231382,80.0,0.1899426205732652
996,30,6,10.81529672947887,38.05555555555556,0.12934803071632806
997,30,6,11.682444834926386,93.05555555555556,0.2198968182088867
998,30,6,10.256089560185732,8.472222222222223,0.07095485564214879
999,30,6,10.032608094986731,3.888888888888889,0.04761861633803751
1000,30,6,11.599213929759378,89.44444444444444,0.2112057336093403
1001,30,6,11.37347512565675,78.19444444444444,0.18763377989912106
1002,30,6,10.575951089699721,23.333333333333332,0.10435523267239072
1003,30,6,10.632352574462265,26.38888888888889,0.11024475261246224
1004,30,6,11.116342936925527,60.83333333333333,0.16078368616236066
1005,30,8,10.63467639877446,26.805555555555554,0.11048740951558297
1006,30,8,11.69909747749626,94.44444444444444,0.22163570985124442
1007,30,8,11.59921392975938,89.72222222222223,0.2112057336093405
1008,30,8,10.263521060102118,9.166666666666666,0.07173086299597047
1009,30,8,11.212681092099757,69.16666666666667,0.17084344767887183
1010,30,8,11.491643392560228,84.44444444444444,0.19997307144688375
1011,30,8,9.672113030671195,0.2777777777777778,0.009975230201619967
1012,30,8,10.382205928926087,12.777777777777777,0.08412409882063691
1013,30,8,10.884013791326554,43.333333333333336,0.13652356000742621
1014,30,8,11.884734753044457,96.80555555555556,0.24102020727298118
1015,40,2,10.324912322474965,11.11111111111111,0.0781414223174719
1016,40,2,10.659407628949891,28.749999999999996,0.11306987829054388
1017,40,2,10.280641232106795,9.444444444444445,0.07351857469936808
1018,40,2,10.81529672947887,38.05555555555556,0.12934803071632806
1019,40,2,10.943026223519658,48.61111111111111,0.14268571863811907
1020,40,2,11.534776860493182,86.66666666666667,0.20447712697919965
1021,40,2,10.240871701193983,7.5,0.06936578605728885
1022,40,2,11.672931463742701,92.5,0.21890341901878557
1023,40,2,11.299578917739119,73.88888888888889,0.17991743711384064
1024,40,2,11.138351656014288,63.33333333333333,0.16308186661761656
1025,40,4,10.552430297823147,22.22222222222222,0.10189915951498064
1026,40,4,10.831470209353684,39.02777777777778,0.1310368875367485
1027,40,4,10.800741940979615,36.666666666666664,0.12782819985636432
1028,40,4,10.755745784124118,33.33333333333333,0.1231296398070547
1029,40,4,11.126262204333248,61.66666666666667,0.1618194695895989
1030,40,4,11.561835703676476,88.33333333333333,0.2073026482780487
1031,40,4,11.477272832300908,84.16666666666667,0.19847247795092196
1032,40,4,10.53541016756165,19.72222222222222,0.10012189430680891
1033,40,4,10.562222175043235,23.194444444444446,0.10292164068513489
1034,40,4,11.599275841456594,89.72222222222223,0.21121219851317774
1035,40,6,10.552149601977764,22.083333333333332,0.10186984887208819
1036,40,6,11.588145547917549,89.02777777777777,0.21004995808612095
1037,40,6,11.068604040926516,56.666666666666664,0.15579872555207028
1038,40,6,10.785981255133105,35.833333333333336,0.12628686891466756
1039,40,6,10.49313716978466,18.333333333333332,0.09570769024139533
1040,40,6,10.70142146471205,30.555555555555557,0.11745702030501172
1041,40,6,11.047155843181079,55.27777777777778,0.1535590754997327
1042,40,6,10.436837773507987,15.0,0.08982883052021204
1043,40,6,11.906845560619091,97.36111111111111,0.2433290479471255
1044,40,6,10.860219732684302,41.66666666666667,0.13403895196175575
1045,40,8,10.882038714461952,43.19444444444444,0.1363173197882863
1046,40,8,11.534776860493182,86.66666666666667,0.20447712697919965
1047,40,8,11.035066391500038,54.166666666666664,0.15229667847171502
1048,40,8,11.49164339256023,84.72222222222221,0.19997307144688392
1049,40,8,11.477272832300908,84.16666666666667,0.19847247795092196
1050,40,8,10.992307345491325,52.361111111111114,0.1478317205872376
1051,40,8,10.802127567774434,36.94444444444444,0.12797288889552605
1052,40,8,11.654785444414753,91.66666666666666,0.2170085869391902
1053,50,2,10.989688703015355,51.66666666666667,0.14755827836948268
1054,50,2,10.194497966540759,5.833333333333333,0.06452337745606833
1055,50,2,10.032608094986731,3.888888888888889,0.04761861633803751
1056,50,2,10.544095800480116,20.833333333333336,0.10102885993866792
1057,50,2,10.96388399283414,50.0,0.14486371534867076
1058,50,2,11.212681092099757,69.16666666666667,0.17084344767887183
1059,50,2,10.547789703086698,21.38888888888889,0.10141458228533551
1060,50,2,10.659407628949891,28.749999999999996,0.11306987829054388
1061,50,2,11.599213929759378,89.44444444444444,0.2112057336093403
1062,50,2,10.802127567774434,36.94444444444444,0.12797288889552605
1063,50,4,10.666321266252917,28.888888888888886,0.11379180972419349
1064,50,4,10.436837773507989,15.0,0.08982883052021223
1065,50,4,10.64848775715199,27.77777777777778,0.111929610388599
1066,50,4,10.94300553479952,48.333333333333336,0.14268355829375404
1067,50,4,11.009053095571762,53.333333333333336,0.14958033464279671
1068,50,4,10.67872322816098,29.444444444444446,0.11508683949621204
1069,50,4,10.837227766233568,39.72222222222222,0.13163809947634428
1070,50,4,10.85506626039168,41.11111111111111,0.1335008193584071
1071,50,4,11.126415509991002,62.22222222222222,0.16183547797540773
1072,50,4,11.432466869129716,82.91666666666667,0.19379377818544885
1073,50,6,10.49313716978466,18.333333333333332,0.09570769024139533
1074,50,6,10.831470209353682,38.88888888888889,0.1310368875367483
1075,50,6,11.065024247618155,56.111111111111114,0.1554249186539063
1076,50,6,10.47995687812862,16.666666666666664,0.09433138621587159
1077,50,6,11.207819445604123,68.47222222222223,0.17033578792313736
1078,50,6,11.711186929177298,94.72222222222221,0.2228981068792619
1079,50,6,10.720440668704908,31.944444444444443,0.11944303151786927
1080,50,6,10.474422658503943,16.11111111111111,0.09375349545697594
1081,50,6,10.755745784124118,33.33333333333333,0.1231296398070547
1082,50,6,11.123256574228556,61.52777777777778,0.16150561759601065
1083,50,8,12.195700227898833,99.44444444444444,0.2734916461462518
1084,50,8,11.626560810043989,91.25,0.21406133213503595
1085,50,8,10.132053968751526,4.444444444444445,0.058002890067025366
1086,50,8,10.989688703015357,51.66666666666667,0.14755827836948288
1087,50,8,10.617155404190658,25.416666666666664,0.10865784337196771
1088,50,8,10.540358203170312,20.555555555555554,0.10063857493151383
1089,50,8,11.180677917705854,67.5,0.16750163257361328
1090,50,8,11.066864564636248,56.388888888888886,0.15561708706613417
1091,50,8,10.666321266252917,28.888888888888886,0.11379180972419349
1092,50,8,10.547789703086698,21.38888888888889,0.10141458228533551
1093,20,2,9.622991226528864,6.388888888888888,0.06794792036758594
1094,20,2,10.839119834186926,68.61111111111111,0.2029124014602737
1095,20,2,10.502197620278531,48.888888888888886,0.1655211819112871
1096,20,2,11.016066385961258,78.88888888888889,0.2225497156316363
1097,20,2,10.091117489787395,21.944444444444443,0.119900006527466
1098,20,2,11.142014032571861,85.55555555555556,0.23652723302790887
1099,20,2,9.797150366283226,11.944444444444445,0.08727589092635875
1100,20,2,10.0842386685838,21.38888888888889,0.11913660327518964
1101,20,2,10.399036638338378,43.333333333333336,0.15407250098322553
1102,20,4,10.278348355414094,34.166666666666664,0.1406786614038647
1103,20,4,10.05279532929973,20.833333333333336,0.11564705953485432
1104,20,4,10.091117489787393,21.666666666666668,0.11990000652746581
1105,20,4,9.68094068614996,7.777777777777778,0.07437908126464289
1106,20,4,9.139740222788179,0.9722222222222222,0.014317308813285233
1107,20,4,9.76314538301391,10.0,0.08350205903669795
1108,20,4,11.025725432197937,79.44444444444444,0.22362166489339586
1109,20,4,10.517638073549136,50.0,0.16723474472888755
1110,20,6,10.243672845319775,33.611111111111114,0.13683041525865122
1111,20,6,11.060755425566075,82.77777777777777,0.22750925116333442
1112,20,6,9.671193012544052,7.222222222222221,0.07329729624470514
1113,20,6,10.102113173370688,22.22222222222222,0.12112029418432517
1114,20,6,11.307389041849333,90.55555555555556,0.2548803514171015
1115,20,6,10.955801871273263,74.86111111111111,0.21586163272498465
1116,20,6,10.673791343494594,59.44444444444444,0.18456444564736213
1117,20,6,10.316997537731561,38.333333333333336,0.14496790088337896
1118,20,6,10.551406264270664,51.94444444444445,0.17098229766816628
1119,20,6,10.176191039053657,27.77777777777778,0.12934136606718227
1120,20,8,9.939145844930081,16.666666666666664,0.10303437730058033
1121,20,8,11.060138901835177,82.63888888888889,0.2274408301058098
1122,20,8,10.243672845319775,33.611111111111114,0.13683041525865122
1123,20,8,9.789206744560659,11.666666666666666,0.0863943174011314
1124,20,8,10.968989676819602,75.55555555555556,0.21732519942434925
1125,20,8,10.883799937034208,71.11111111111111,0.20787094520143606
1126,20,8,10.352096654969802,40.69444444444444,0.1488631584367664
1127,20,8,10.296713851900915,36.94444444444444,0.1427168419776501
1128,20,8,11.028876071376514,79.72222222222223,0.22397131901646244
1129,20,8,11.245481699343465,89.30555555555556,0.24800994946740815
1130,30,2,10.45792696704295,46.666666666666664,0.1606080783925064
1131,30,2,10.52819511124013,50.97222222222222,0.16840635199547818
1132,30,2,10.510106417800376,49.861111111111114,0.16639889068886318
1133,30,2,10.43929853394882,45.55555555555556,0.15854071743225354
1134,30,2,11.175664532567362,86.38888888888889,0.240261724792845
1135,30,2,9.786612249127662,10.833333333333334,0.0861063834378921
1136,30,2,10.226070177360524,31.11111111111111,0.13487689247166393
1137,30,2,10.896359130140933,71.94444444444444,0.20926474925301264
1138,30,2,10.638441733947818,56.80555555555556,0.18064138876072472
1139,30,2,9.841415798744123,13.333333333333334,0.09218841504988312
1140,30,4,11.05682429278647,81.66666666666667,0.2270729788049959
1141,30,4,11.059196923574927,82.36111111111111,0.2273362904984897
1142,30,4,10.470741873232893,47.083333333333336,0.16203026117258904
1143,30,4,10.673540851186058,58.88888888888889,0.18453664631411196
1144,30,4,10.78252702321247,65.83333333333333,0.19663179978817524
1145,30,4,10.66970456440648,58.75,0.18411089985007187
1146,30,4,9.948583026522224,16.944444444444446,0.10408170429259454
1147,30,4,9.79054338190727,11.805555555555555,0.08654265579623083
1148,30,4,11.793830953602706,98.88888888888889,0.30886508608094426
1149,30,6,11.151682785937112,85.83333333333333,0.23760025957504946
1150,30,6,11.085883552737359,83.05555555555556,0.2302979403061993
1151,30,6,10.625941696381364,55.833333333333336,0.17925414971941606
1152,30,6,11.422119140232107,93.05555555555556,0.2676129588867696
1153,30,6,10.358759830159656,40.833333333333336,0.14960262955541728
1154,30,6,9.505651593964716,3.6111111111111107,0.054925709952583786
1155,30,6,10.955870995143366,75.0,0.21586930400843352
1156,30,6,10.360318332150808,41.25,0.1497755902202624
1157,30,6,9.559752189092727,4.583333333333333,0.06092972852617743
1158,30,8,11.085883552737359,83.05555555555556,0.2302979403061993
1159,30,8,10.301126083327011,37.5,0.14320650608154015
1160,30,8,9.103394547389064,0.5555555555555556,0.010283709743815695
1161,30,8,10.411288903793597,43.611111111111114,0.15543224257548846
1162,30,8,10.955551378964728,74.44444444444444,0.2158338333917347
1163,30,8,11.504892377047812,95.0,0.27679903253461097
1164,30,8,10.551406264270664,51.94444444444445,0.17098229766816628
1165,30,8,10.360318332150806,41.11111111111111,0.1497755902202622
1166,30,8,10.099929614162944,22.22222222222222,0.12087796542604047
1167,30,8,10.2822794881937,34.44444444444444,0.14111493376220324
1168,40,2,10.399036638338378,43.333333333333336,0.15407250098322553
1169,40,2,11.134080117977861,84.72222222222221,0.2356467367880622
1170,40,2,10.29283652588469,36.11111111111111,0.14228654102879346
1171,40,2,11.05682429278647,81.66666666666667,0.2270729788049959
1172,40,2,10.226070177360524,31.11111111111111,0.13487689247166393
1173,40,2,10.037354876029124,20.0,0.11393349671725364
1174,40,2,10.728801967230249,62.5,0.1906694580944957
1175,40,2,10.955870995143368,75.27777777777777,0.2158693040084337
1176,40,2,9.79054338190727,11.805555555555555,0.08654265579623083
1177,40,2,10.551690832389877,52.361111111111114,0.17101387869364598
1178,40,4,11.283893320699587,90.0,0.25227282471893375
1179,40,4,10.154940237898598,26.52777777777778,0.12698297787317406
1180,40,4,10.358759830159656,40.833333333333336,0.14960262955541728
1181,40,4,10.104485804159143,22.5,0.12138360587781875
1182,40,4,10.518938438473395,50.416666666666664,0.16737905765445193
1183,40,4,10.683920011038452,59.72222222222222,0.18568851291344649
1184,40,4,10.31014006104707,38.05555555555556,0.14420686642000108
1185,40,4,10.341732457632995,40.27777777777778,0.14771295235930382
1186,40,4,10.7891240576398,66.11111111111111,0.19736393068504623
1187,40,6,10.667935560582565,58.333333333333336,0.18391457794658056
1188,40,6,9.779547698323976,10.555555555555555,0.08532236813937145
1189,40,6,10.7891240576398,66.11111111111111,0.19736393068504623
1190,40,6,10.2822794881937,34.44444444444444,0.14111493376220324
1191,40,6,10.715375758084093,62.22222222222222,0.18917943365214474
1192,40,6,10.301126083327011,37.5,0.14320650608154015
1193,40,6,10.423858080678215,44.30555555555556,0.15682715461465305
1194,40,6,10.802126659642035,66.66666666666666,0.19880694371922344
1195,40,6,10.575271820381783,52.77777777777778,0.17363086820276488
1196,40,8,9.76314538301391,10.0,0.08350205903669795
1197,40,8,9.42377646322803,2.5,0.0458393070304845
1198,40,8,9.139740222788177,0.8333333333333334,0.014317308813285036
1199,40,8,10.037354876029124,20.0,0.11393349671725364
1200,40,8,10.181804744899626,28.055555555555557,0.12996436834813935
1201,40,8,10.143944554315304,25.555555555555554,0.12576269021631467
1202,40,8,11.245481699343465,89.30555555555556,0.24800994946740815
1203,40,8,10.036892430071315,19.72222222222222,0.11388217502451821
1204,40,8,11.473126982153369,93.88888888888889,0.27327374745239524
1205,40,8,10.169584054677701,26.944444444444443,0.12860813093705434
1206,50,2,10.623111499165176,55.27777777777778,0.1789400578575296
1207,50,2,11.56692589555972,95.55555555555556,0.2836834373447537
1208,50,2,10.883799937034208,71.11111111111111,0.20787094520143606
1209,50,2,11.493851695456469,94.44444444444444,0.2755737510532759
1210,50,2,9.505651593964716,3.6111111111111107,0.054925709952583786
1211,50,2,10.196953022635228,28.61111111111111,0.13164550587846233
1212,50,2,10.518938438473395,50.416666666666664,0.16737905765445193
1213,50,2,9.775616565544368,10.277777777777777,0.08488609578103273
1214,50,2,10.521102101383669,50.55555555555556,0.16761917834572235
1215,50,4,10.541621320386286,51.66666666666667,0.16989637643782915
1216,50,4,10.236927910694725,32.77777777777778,0.1360818705768292
1217,50,4,10.968342177673826,75.27777777777777,0.2172533407527685
1218,50,4,10.539185574048737,51.52777777777777,0.16962606025708105
1219,50,4,10.352096654969802,40.69444444444444,0.1488631584367664
1220,50,4,11.117677802667794,84.16666666666667,0.23382642768538847
1221,50,4,10.978880294829391,76.25,0.21842284824123534
1222,50,4,11.426050273011713,93.33333333333333,0.26804923124510815
1223,50,4,9.680940686149961,7.916666666666666,0.07437908126464308
1224,50,4,10.363538095199488,41.66666666666667,0.15013291562677789
1225,50,6,10.455554336254492,46.38888888888889,0.16034476669901265
1226,50,6,9.616182388808395,6.111111111111111,0.06719228379757136
1227,50,6,10.104485804159145,22.63888888888889,0.12138360587781895
1228,50,6,9.671193012544052,7.222222222222221,0.07329729624470514
1229,50,6,10.819050576450179,67.77777777777779,0.2006851395249003
1230,50,6,9.833953266865462,13.055555555555557,0.09136023229330723
1231,50,6,11.04732921641992,80.83333333333333,0.22601922672098346
1232,50,6,9.752683191322946,9.444444444444445,0.08234097766440596
1233,50,6,9.338753132744502,1.3888888888888888,0.036403520710500216
1234,50,8,10.75504995050038,64.44444444444444,0.19358242751193655
1235,50,8,11.488586355959404,94.16666666666667,0.27498941004811966
1236,50,8,10.433392532254059,44.72222222222222,0.1578852765117402
1237,50,8,10.176191039053657,27.77777777777778,0.12934136606718227
1238,50,8,10.229289940409204,31.666666666666664,0.13523421787817938
1239,50,8,10.358759830159656,40.833333333333336,0.14960262955541728
1240,50,8,9.70466450392104,8.88888888888889,0.07701192184979877
1241,50,8,9.93914584493008,16.38888888888889,0.10303437730058013
1242,50,8,9.583210639964003,5.555555555555555,0.06353311901394587
1243,20,2,10.266753923005849,27.63888888888889,0.16301498791339664
1244,20,2,10.197250782321856,24.02777777777778,0.15514169174513007
1245,20,2,11.141218229166267,75.55555555555556,0.26207405780898624
1246,20,2,9.426098691714296,1.3888888888888888,0.06778580048064335
1247,20,2,10.806351968340076,55.833333333333336,0.224140502255981
1248,20,2,11.194533110026004,79.44444444444444,0.2681135524714372
1249,20,2,11.508919358908551,88.88888888888889,0.3037271380493435
1250,20,2,10.227016198133283,25.27777777777778,0.158513509650748
1251,20,2,10.130616572799815,22.36111111111111,0.14759338728949875
1252,20,2,9.92991595487679,14.166666666666666,0.124858077913386
1253,20,4,9.652261999990962,6.388888888888888,0.09340551623641279
1254,20,4,9.909008831126334,13.333333333333334,0.12248972483330926
1255,20,4,9.97249424041383,15.833333333333332,0.1296813340867195
1256,20,4,10.102275797144426,20.833333333333336,0.14438295221883346
1257,20,4,11.06339207893645,71.11111111111111,0.2532579334674791
1258,20,4,9.53309137442762,3.888888888888889,0.07990590139334033
1259,20,4,10.01875034587341,18.75,0.13492121266328172
1260,20,4,10.234060717395874,26.111111111111114,0.15931151080539524
1261,20,4,10.096576496103225,20.27777777777778,0.14373733700478866
1262,20,4,11.334874327826702,83.33333333333334,0.2840113660304519
1263,20,6,10.795643872902179,54.166666666666664,0.22292749222577324
1264,20,6,11.07937308943034,71.94444444444444,0.25506825782762055
1265,20,6,10.439652293437092,35.0,0.18260086653728655
1266,20,6,11.383067571411413,85.0,0.28947068306731827
1267,20,6,10.937181855169401,63.888888888888886,0.23896087492592133
1268,20,6,11.889854677043653,96.11111111111111,0.3468793834171736
1269,20,6,9.527245382887305,3.6111111111111107,0.07924366912094052
1270,20,6,10.470776656296232,36.25,0.18612662558107954
1271,20,6,10.507301234566539,37.77777777777778,0.19026411950312588
1272,20,6,11.091310321862839,72.22222222222221,0.2564205041498092
1273,20,8,10.841227589315064,58.333333333333336,0.22809120276082206
1274,20,8,11.13624012983408,74.72222222222223,0.26151014012107116
1275,20,8,10.837228770659786,58.19444444444445,0.22763821771170983
1276,20,8,11.058617116252865,70.55555555555556,0.25271702704180804
1277,20,8,10.403797391785197,32.5,0.17853923339364283
1278,20,8,10.533534288678714,38.611111111111114,0.19323579247201214
1279,20,8,9.771236874542899,10.0,0.10688295646013903
1280,20,8,10.720962648793684,50.0,0.21446762422803414
1281,20,8,9.527245382887305,3.6111111111111107,0.07924366912094052
1282,20,8,12.00249513570758,98.05555555555556,0.3596392627961889
1283,30,2,9.913000623112108,13.750000000000002,0.12294191390328246
1284,30,2,10.363783973582905,30.555555555555557,0.17400652466838218
1285,30,2,11.396656096925149,85.55555555555556,0.2910099874038823
1286,30,2,11.894072891779334,96.38888888888889,0.34735722159237736
1287,30,2,9.733791992350646,8.333333333333332,0.10264121076945329
1288,30,2,10.992722868850448,67.5,0.24525254528632762
1289,30,2,10.7968406373687,54.44444444444444,0.2230630613669062
1290,30,2,11.545519047650675,89.44444444444444,0.30787314046444697
1291,30,2,10.102275797144426,20.833333333333336,0.14438295221883346
1292,30,4,11.004382130116435,68.75,0.2465733031131959
1293,30,4,10.107923573095025,21.38888888888889,0.14502273068515137
1294,30,4,11.15155146370956,76.11111111111111,0.26324460370281
1295,30,4,10.095318419095825,20.0,0.14359482239632257
1296,30,4,11.59686829050048,90.97222222222221,0.3136899682076839
1297,30,4,9.864621879179971,11.944444444444445,0.1174615834393936
1298,30,4,10.76819803493017,52.916666666666664,0.21981843544339902
1299,30,4,11.17547088798067,78.05555555555556,0.26595418933602794
1300,30,4,11.004809615808167,69.16666666666667,0.24662172857175188
1301,30,4,10.173144569325643,23.333333333333332,0.1524109467378299
1302,30,6,11.07027637751885,71.38888888888889,0.2540377848686761
1303,30,6,10.916154795628032,62.361111111111114,0.23657893555328657
1304,30,6,10.841227589315064,58.333333333333336,0.22809120276082206
1305,30,6,10.60571266295793,42.5,0.20141213834720137
1306,30,6,10.932479971952015,63.61111111111111,0.23842824692156397
1307,30,6,10.609518954596279,43.333333333333336,0.20184331399015204
1308,30,6,10.607397851772147,42.916666666666664,0.2016030360606457
1309,30,6,9.515864898402711,3.3333333333333335,0.07795449104921917
1310,30,6,10.42962793197411,33.88888888888889,0.18146530969886024
1311,30,6,11.195929853337994,79.58333333333333,0.26827177515976636
1312,30,8,10.857359750381933,59.166666666666664,0.22991864941522758
1313,30,8,10.814994535202889,56.666666666666664,0.22511952979193584
1314,30,8,11.637589529130867,91.66666666666666,0.318302858631347
1315,30,8,10.843469526077186,58.88888888888889,0.2283451687247339
1316,30,8,10.64094950412104,44.44444444444444,0.20540375777304426
1317,30,8,10.002814294785633,17.916666666666668,0.1331159812919806
1318,30,8,10.85791649832984,59.583333333333336,0.2299817176656953
1319,30,8,10.24959144735175,27.22222222222222,0.161070827513225
1320,30,8,10.60571266295793,42.5,0.20141213834720137
1321,40,2,10.548602806526048,40.0,0.19494274992258667
1322,40,2,10.857359750381935,59.44444444444444,0.22991864941522777
1323,40,2,11.10329251370145,73.33333333333333,0.2577778434608385
1324,40,2,10.533534288678714,38.611111111111114,0.19323579247201214
1325,40,2,11.093712133308252,72.77777777777777,0.25669258067274
1326,40,2,11.164701480001893,77.5,0.26473423383848704
1327,40,2,12.071410833379154,98.33333333333333,0.3674460135857397
1328,40,2,9.646220257439243,6.25,0.09272110934466696
1329,40,2,9.830031919788997,11.11111111111111,0.11354324259819802
1330,40,2,8.974447449035363,0.2777777777777778,0.016622875131058104
1331,40,4,10.720962648793684,50.0,0.21446762422803414
1332,40,4,11.194533110026004,79.44444444444444,0.2681135524714372
1333,40,4,10.006813113440911,18.055555555555554,0.13356896634109283
1334,40,4,11.062835330988543,70.83333333333334,0.25319486521701134
1335,40,4,11.22440484421229,80.27777777777779,0.2714974140925642
1336,40,4,11.530701401536646,89.16666666666667,0.30619460169304463
1337,40,4,10.784735793371969,53.61111111111111,0.22169182805400822
1338,40,4,10.731503137914192,50.97222222222222,0.2156616478618937
1339,40,4,10.609518954596279,43.333333333333336,0.20184331399015204
1340,40,6,10.373758046034677,31.11111111111111,0.17513638478180632
1341,40,6,9.882680568740303,12.222222222222221,0.11950726669802114
1342,40,6,10.208070479311841,25.0,0.1563673439676731
1343,40,6,10.732899881226183,51.24999999999999,0.21581987055022303
1344,40,6,9.343505056135076,1.1111111111111112,0.0584296167437717
1345,40,6,10.813309346388674,56.388888888888886,0.22492863207849173
1346,40,6,8.827705601133971,0.0,0.0
1347,40,6,10.068658253176837,19.444444444444446,0.1405747663224585
1348,40,6,10.375443234848891,31.38888888888889,0.17532728249525042
1349,40,8,11.225567339060913,80.27777777777779,0.27162910118105005
1350,40,8,11.063392078936449,71.11111111111111,0.2532579334674789
1351,40,8,9.5437831413291,4.722222222222222,0.08111706173154952
1352,40,8,10.338932297285067,29.583333333333332,0.1711913337885861
1353,40,8,11.224404844212287,80.0,0.271497414092564
1354,40,8,10.837228770659785,58.05555555555556,0.22763821771170964
1355,40,8,10.607833765782065,43.05555555555556,0.20165241627670794
1356,40,8,11.139192075190426,75.0,0.2618445356582271
1357,40,8,11.383067571411413,85.0,0.28947068306731827
1358,40,8,9.765390883002581,9.444444444444445,0.10622072418773901
1359,50,2,10.03336009947285,19.166666666666668,0.1365762014292825
1360,50,2,9.515308150454807,3.3333333333333335,0.07789142279875184
1361,50,2,10.165492193774803,23.194444444444446,0.1515440877943398
1362,50,2,11.105363327514373,73.75,0.2580124246653427
1363,50,2,10.902636555615507,61.66666666666667,0.23504759313847062
1364,50,2,11.188687118485683,78.75,0.2674513201990368
1365,50,2,11.334874327826702,83.33333333333334,0.2840113660304519
1366,50,2,9.709993402017524,8.055555555555555,0.09994531317064062
1367,50,2,9.978894870514523,16.666666666666664,0.1304063956587627
1368,50,2,11.141218229166268,75.69444444444444,0.2620740578089864
1369,50,4,9.859919995962585,11.666666666666666,0.11692895543503626
1370,50,4,11.508919358908551,88.88888888888889,0.3037271380493435
1371,50,4,11.432113948524256,86.11111111111111,0.295026642829563
1372,50,4,10.908284331566104,61.94444444444444,0.2356873716047883
1373,50,4,10.197250782321856,24.02777777777778,0.15514169174513007
1374,50,4,10.813309346388676,56.388888888888886,0.22492863207849192
1375,50,4,11.508919358908551,88.88888888888889,0.3037271380493435
1376,50,4,10.002764005774422,17.5,0.13311028456697827
1377,50,4,11.39665609692515,85.83333333333333,0.2910099874038825
1378,50,6,10.278066438226048,28.055555555555557,0.16429646644602305
1379,50,6,10.897494002522212,61.111111111111114,0.2344650461748933
1380,50,6,10.806351968340076,55.833333333333336,0.224140502255981
1381,50,6,10.702354076538965,49.166666666666664,0.21235965041292093
1382,50,6,10.76819803493017,52.916666666666664,0.21981843544339902
1383,50,6,10.249591447351753,27.361111111111114,0.16107082751322518
1384,50,6,9.43107679104648,1.9444444444444444,0.06834971816855823
1385,50,6,10.888236552701642,60.83333333333333,0.2334163648709562
1386,50,6,10.939446490689525,64.44444444444444,0.2392174121987358
1387,50,6,11.004658346231233,68.88888888888889,0.2466045927967534
1388,50,8,10.363783973582905,30.555555555555557,0.17400652466838218
1389,50,8,10.980462705845323,66.66666666666666,0.24386371747997776
1390,50,8,10.00041248334022,17.5,0.13284390476904984
1391,50,8,10.106977680361812,21.11111111111111,0.14491558022319082
1392,50,8,9.88277577701416,12.5,0.11951805186442321
1393,50,8,11.06339207893645,71.11111111111111,0.2532579334674791
1394,50,8,9.973048878974206,16.38888888888889,0.12974416338636266
1395,50,8,10.470776656296232,36.25,0.18612662558107954
1396,50,8,11.15836706411388,76.38888888888889,0.2640166729937757
1397,20,2,10.071214744015126,83.61111111111111,0.25898443426949136
1398,20,2,9.943796805086677,77.91666666666667,0.24305614698389386
1399,20,2,9.601615286185078,56.666666666666664,0.20028065098448514
1400,20,2,9.71531683902861,63.05555555555556,0.21449427752515077
1401,20,2,9.749097394370066,65.27777777777779,0.21871712396789453
1402,20,2,9.243342593700858,35.27777777777778,0.1554936263279512
1403,20,2,8.389119407591112,3.4722222222222223,0.048708722814365134
1404,20,2,9.528837602608638,49.72222222222222,0.19118284370762434
1405,20,4,9.963774517089751,78.61111111111111,0.24555352481601045
1406,20,4,9.591852364813219,54.58333333333333,0.19906020574996447
1407,20,4,9.230033098724622,33.611111111111114,0.15382983030840686
1408,20,4,9.695218196741465,61.80555555555556,0.21198178241580923
1409,20,4,8.383926118213136,2.2222222222222223,0.04805951905337748
1410,20,4,9.968119173586583,79.16666666666666,0.24609664250744973
1411,20,4,9.440076274950611,45.27777777777778,0.18008694984308757
1412,20,4,9.865266465341858,71.66666666666667,0.23323921051003146
1413,20,4,9.352318622682521,40.833333333333336,0.16911652363315924
1414,20,4,8.858340353657471,16.944444444444446,0.10736518902483916
1415,20,6,9.871019121510237,73.33333333333333,0.23395833970703303
1416,20,6,8.770256157590609,14.166666666666666,0.09635394216216821
1417,20,6,9.119878119485467,26.944444444444443,0.1400595545527649
1418,20,6,9.271027356317052,36.11111111111111,0.15895444869011438
1419,20,6,9.619031462602827,58.333333333333336,0.20245781586198586
1420,20,6,9.176562409098945,29.72222222222222,0.1471455556067492
1421,20,6,9.952414489718297,78.33333333333333,0.24413342823411247
1422,20,6,9.819753232255628,69.44444444444444,0.22754968313272153
1423,20,6,9.173032428252679,29.166666666666668,0.1467042790525619
1424,20,8,9.590611816387812,54.166666666666664,0.19890512702339144
1425,20,8,9.515604721907943,49.166666666666664,0.18952862510081522
1426,20,8,10.12085209540046,84.44444444444444,0.26518951025495147
1427,20,8,8.535854830430464,6.666666666666667,0.06705185400620851
1428,20,8,10.352158927653205,91.66666666666666,0.294104761170383
1429,20,8,8.853918912305977,16.805555555555557,0.10681247259687547
1430,20,8,9.696022406338015,62.083333333333336,0.21208231521048018
1431,20,8,8.978498795524692,21.11111111111111,0.12238597964464033
1432,20,8,8.868035285023854,17.77777777777778,0.1085771349511079
1433,20,8,9.821875077946506,70.0,0.22781493124475535
1434,30,2,9.117489922092368,26.666666666666668,0.13976101029367624
1435,30,2,8.926303259619624,19.02777777777778,0.11586110961524447
1436,30,2,9.7086325952989,62.77777777777778,0.21365869224328898
1437,30,2,9.934990715666087,77.36111111111111,0.241955313589998
1438,30,2,9.234144193559336,33.88888888888889,0.15434375087670638
1439,30,2,9.376003851163528,41.25,0.17207737142934235
1440,30,2,8.966398512325952,21.11111111111111,0.12087334501369688
1441,30,2,9.963774517089751,78.61111111111111,0.24555352481601045
1442,30,2,9.565459943345918,53.888888888888886,0.19576093662954797
1443,30,2,9.497590069106076,48.75,0.18727664576735922
1444,30,4,9.117489922092368,26.666666666666668,0.13976101029367624
1445,30,4,9.614225475145961,57.91666666666667,0.20185702801729372
1446,30,4,10.299517742569513,90.55555555555556,0.2875241813390124
1447,30,4,9.076648286854656,25.0,0.13465547095792257
1448,30,4,9.601615286185078,56.666666666666664,0.20028065098448514
1449,30,4,8.70474918579843,12.222222222222221,0.0881650334834517
1450,30,4,9.27102735631705,35.833333333333336,0.15895444869011416
1451,30,4,10.825859317078208,97.91666666666666,0.35332119453537286
1452,30,4,8.764587738295353,13.61111111111111,0.0956453432651105
1453,30,4,10.651609287251624,96.38888888888889,0.33153851183038624
1454,30,6,8.70474918579843,12.222222222222221,0.0881650334834517
1455,30,6,9.344275984017546,40.27777777777778,0.16811112784456536
1456,30,6,8.630655286846192,8.333333333333332,0.07890268849069512
1457,30,6,8.966340685260782,20.555555555555554,0.12086611615632674
1458,30,6,8.771807052532798,14.444444444444443,0.09654781674840562
1459,30,6,9.653417485827353,59.44444444444444,0.2067563507553892
1460,30,6,10.122615380673409,84.72222222222221,0.2654099353742886
1461,30,8,9.173032428252679,29.166666666666668,0.1467042790525619
1462,30,8,9.533594553157757,50.27777777777778,0.1917775015367099
1463,30,8,8.390024446818895,3.6111111111111107,0.048821860139816306
1464,30,8,9.176562409098945,29.72222222222222,0.1471455556067492
1465,30,8,10.35620203218299,91.80555555555556,0.2946101823929965
1466,30,8,10.44262377260814,92.5,0.30541360866711104
1467,30,8,8.96067226596553,20.555555555555554,0.12015751725926947
1468,30,8,8.868035285023852,17.5,0.10857713495110768
1469,30,8,9.763238929768784,65.97222222222221,0.22048493186358425
1470,30,8,10.489129641347882,94.58333333333333,0.3112272236414425
1471,40,2,9.658632549415133,60.0,0.2074082764711667
1472,40,2,9.440076274950611,45.27777777777778,0.18008694984308757
1473,40,2,10.352158927653203,91.52777777777777,0.29410476117038276
1474,40,2,8.75790349456564,13.333333333333334,0.09480975798324849
1475,40,2,9.72229646489984,64.44444444444444,0.2153667879970504
1476,40,2,9.381961810941949,41.94444444444444,0.17282216526123764
1477,40,2,9.176562409098945,29.72222222222222,0.1471455556067492
1478,40,2,10.505638534812721,95.41666666666667,0.31329097070945117
1479,40,4,9.492682259769479,47.083333333333336,0.1866631293526874
1480,40,4,9.01996399724118,23.47222222222222,0.1275694699039385
1481,40,4,9.440076274950611,45.27777777777778,0.18008694984308757
1482,40,4,8.955967108139895,19.72222222222222,0.11956933394535735
1483,40,4,9.39981094167283,43.333333333333336,0.1750534529784195
1484,40,4,9.550909899944275,51.94444444444445,0.1939420618834306
1485,40,4,9.72229646489984,64.44444444444444,0.2153667879970504
1486,40,4,9.870918291879004,73.05555555555556,0.2339457351762528
1487,40,4,9.909809569207637,75.13888888888889,0.23880746377902173
1488,40,6,9.326902810165862,38.47222222222222,0.16593933864047497
1489,40,6,8.38911940759111,3.3333333333333335,0.04870872281436491
1490,40,6,10.442623772608139,92.5,0.3054136086671108
1491,40,6,9.515604721907943,49.166666666666664,0.18952862510081522
1492,40,6,9.546852255410506,51.388888888888886,0.19343482304108056
1493,40,6,9.328551313712275,38.75,0.16614541510270164
1494,40,6,9.344275984017546,40.27777777777778,0.16811112784456536
1495,40,6,9.211109029930746,31.666666666666664,0.1514641665180788
1496,40,6,9.717438684719488,63.47222222222222,0.2147595256371846
1497,40,6,9.27102735631705,35.833333333333336,0.15895444869011416
1498,40,8,9.596263642924956,55.69444444444444,0.19961165168961256
1499,40,8,9.71753951435072,63.61111111111111,0.21477213016796481
1500,40,8,10.74471527140648,97.5,0.3431775233863621
1501,40,8,8.770256157590609,14.166666666666666,0.09635394216216821
1502,40,8,9.1426899339779,27.77777777777778,0.14291121843774796
1503,40,8,10.039967210512565,82.36111111111111,0.2550782363292262
1504,40,8,9.279440109474848,37.22222222222222,0.1600061118255182
1505,40,8,10.604146586560612,96.11111111111111,0.3256052850154297
1506,40,8,8.752140675157506,12.777777777777777,0.09408935829793152
1507,40,8,9.941674959395797,77.5,0.24279089887185978
1508,50,2,8.966340685260786,20.833333333333336,0.12086611615632718
1509,50,2,7.999475187998501,0.0,-1.1102958616993358e-16
1510,50,2,8.61832744537328,8.055555555555555,0.07736160720933719
1511,50,2,9.328551313712275,38.75,0.16614541510270164
1512,50,2,9.749432903567689,65.55555555555556,0.21875906536901618
1513,50,2,9.54924744430256,51.94444444444445,0.19373424129487393
1514,50,2,8.966398512325952,21.11111111111111,0.12087334501369688
1515,50,2,10.141116401460378,86.11111111111111,0.26772271469445275
1516,50,2,8.959431717540122,20.0,0.12000243853269643
1517,50,4,9.190368435300039,31.11111111111111,0.14887142210131704
1518,50,4,9.480440244390545,46.111111111111114,0.1851327770369129
1519,50,4,8.3416567069001,1.6666666666666667,0.042775495999408594
1520,50,4,9.695218196741465,61.80555555555556,0.21198178241580923
1521,50,4,9.463782535828681,45.83333333333333,0.18305042686138448
1522,50,4,8.698986366390294,10.972222222222221,0.08744463379813451
1523,50,4,8.456804631420807,5.0,0.05716993086101829
1524,50,4,10.190636113700732,87.77777777777777,0.27391308482206406
1525,50,4,9.127333012834617,27.500000000000004,0.14099147735694267
1526,50,6,9.014295577945925,22.77777777777778,0.126860871006881
1527,50,6,9.114209700190212,26.52777777777778,0.13935095565570738
1528,50,6,9.49305043335143,47.36111111111111,0.1867091540697217
1529,50,6,9.376003851163528,41.25,0.17207737142934235
1530,50,6,9.38196181094195,42.083333333333336,0.17282216526123786
1531,50,6,9.497590069106076,48.75,0.18727664576735922
1532,50,6,9.860561307516226,71.11111111111111,0.2326510271961198
1533,50,6,9.190368435300039,31.11111111111111,0.14887142210131704
1534,50,6,9.767705082305477,66.52777777777777,0.22104323755636193
1535,50,8,9.008532758537788,22.36111111111111,0.12614047132156384
1536,50,8,9.687046161288464,61.111111111111114,0.2109602109675646
1537,50,8,9.881947967598402,74.44444444444444,0.23532453509252046
1538,50,8,9.958082909013553,78.47222222222221,0.2448420271311702
1539,50,8,9.527932563380853,49.44444444444444,0.19106970638217294
1540,50,8,10.12261538067341,84.86111111111111,0.2654099353742888
1541,50,8,8.437884939391155,4.305555555555555,0.054804814202110884
1542,50,8,9.395767837143044,42.916666666666664,0.17454803175580572
1543,50,8,9.40136183661502,43.611111111111114,0.1752473275646569
1544,50,8,10.825859317078207,97.77777777777777,0.35332119453537264
