num_nodes,problem_num,try_num,dwave_time_1,dwave_qpu_time_1,dwave_time_2,dwave_qpu_time_2,dwave_time_3,dwave_qpu_time_3,qbsolv_time,sample_percentage_1,sample_percentage_2,sample_percentage_3,dwave_cost_1,dwave_cost_2,dwave_cost_3,qbsolv_cost,optimal_cost
5,1,1,2.354290008544922,0.0171695,2.25331711769104,0.019167,2.356602907180786,0.0211676,0.05134391784667969,4.2,2.4,0.1,77.41907481502972,77.41907481502972,77.41907481502972,77.41907481502972,77.41907481502972
5,1,2,1.7886526584625244,0.0171683,1.8198928833007812,0.0191674,2.7167301177978516,0.0211721,0.05483508110046387,0.6,0.1,0.2,77.41907481502972,77.41907481502972,77.41907481502972,77.41907481502972,77.41907481502972
5,1,3,1.9536199569702148,0.0171696,2.581982135772705,0.0191726,1.912304162979126,0.0211666,0.0362398624420166,0.1,2.6,0.1,77.41907481502972,77.41907481502972,77.41907481502972,77.41907481502972,77.41907481502972
5,1,4,1.740752935409546,0.0171758,1.592984914779663,0.0191701,1.3448359966278076,0.0211729,0.04150390625,0.1,0.1,0.1,77.41907481502972,77.41907481502972,77.41907481502972,77.41907481502972,77.41907481502972
5,1,5,1.6498019695281982,0.0171658,2.7064430713653564,0.0191741,1.951826810836792,0.0211669,0.08411192893981934,3.6999999999999997,3.4000000000000004,0.8999999999999999,77.41907481502972,77.41907481502972,77.41907481502972,77.41907481502972,77.41907481502972
5,2,1,1.4783227443695068,0.0171682,1.5135838985443115,0.0191726,1.6973638534545898,0.0211717,0.03983020782470703,2.0,0.1,0.1,253.80460097313772,253.80460097313772,253.80460097313772,253.80460097313772,253.80460097313772
5,2,2,1.3878819942474365,0.0171706,1.3781697750091553,0.019168,1.5325722694396973,0.0211671,0.03848981857299805,1.9,0.1,1.7999999999999998,253.80460097313772,253.80460097313772,253.80460097313772,253.80460097313772,253.80460097313772
5,2,3,1.5892930030822754,0.0171688,1.5340979099273682,0.0191692,4.997025966644287,0.021169,0.05005812644958496,2.1,0.1,1.4000000000000001,253.80460097313772,253.80460097313772,253.80460097313772,253.80460097313772,253.80460097313772
5,2,4,1.9280438423156738,0.0171695,1.5398221015930176,0.0191645,1.4149651527404785,0.0211679,0.0502469539642334,0.7000000000000001,1.3,0.1,253.80460097313772,253.80460097313772,253.80460097313772,253.80460097313772,253.80460097313772
5,2,5,1.534472942352295,0.0171697,1.6463239192962646,0.019163,1.872849941253662,0.0211652,0.051606178283691406,3.1,2.7,1.3,253.80460097313772,253.80460097313772,253.80460097313772,253.80460097313772,253.80460097313772
5,3,1,1.7005369663238525,0.0171651,1.9482600688934326,0.019165,1.4948928356170654,0.0211681,0.02435612678527832,1.2,15.5,0.4,134.94862315150397,134.94862315150397,134.94862315150397,134.94862315150397,134.94862315150397
5,3,2,1.368699073791504,0.0171692,1.4158990383148193,0.0191678,1.636934757232666,0.021176,0.024425983428955078,0.1,0.8999999999999999,0.1,134.94862315150397,134.94862315150397,134.94862315150397,134.94862315150397,134.94862315150397
5,3,3,1.7261807918548584,0.0171674,1.990797996520996,0.019168,1.5191240310668945,0.0211694,0.025817155838012695,0.1,5.0,1.5,134.94862315150397,134.94862315150397,134.94862315150397,134.94862315150397,134.94862315150397
5,3,4,1.4680700302124023,0.0171654,1.6436371803283691,0.019164,2.0337018966674805,0.0211675,0.02506279945373535,3.1,0.6,11.700000000000001,134.94862315150397,134.94862315150397,134.94862315150397,134.94862315150397,134.94862315150397
5,3,5,1.8690240383148193,0.0171641,2.0224790573120117,0.0191654,2.505855083465576,0.0211673,0.025373220443725586,0.8,0.1,3.8,134.94862315150397,134.94862315150397,134.94862315150397,134.94862315150397,134.94862315150397
5,4,1,2.324625015258789,0.0171702,2.729062795639038,0.0191663,1.556276798248291,0.0211713,0.0247650146484375,0.1,0.1,0.1,172.2112011911764,172.2112011911764,172.2112011911764,172.2112011911764,172.2112011911764
5,4,2,1.5053701400756836,0.0171671,1.7299938201904297,0.0191641,2.278146266937256,0.0211681,0.02136397361755371,0.1,0.1,1.7999999999999998,172.2112011911764,172.2112011911764,172.2112011911764,172.2112011911764,172.2112011911764
5,4,3,1.4767389297485352,0.0171723,1.3930549621582031,0.0191674,1.4080889225006104,0.0211687,0.02324199676513672,1.9,0.1,1.9,172.2112011911764,172.2112011911764,172.2112011911764,172.2112011911764,172.2112011911764
5,4,4,1.636979103088379,0.0171646,1.5616958141326904,0.0191655,2.5709991455078125,0.0211657,0.021773099899291992,5.4,1.4000000000000001,1.7000000000000002,172.2112011911764,172.2112011911764,172.2112011911764,172.2112011911764,172.2112011911764
5,4,5,1.5216071605682373,0.0171736,2.2524397373199463,0.0191677,2.0226218700408936,0.0211747,0.018659114837646484,0.1,1.9,0.3,172.2112011911764,172.2112011911764,172.2112011911764,172.2112011911764,172.2112011911764
5,5,1,1.2660980224609375,0.0171717,1.5527701377868652,0.0191668,1.611098051071167,0.0211656,0.03182697296142578,0.1,1.2,7.000000000000001,201.5796668079412,201.5796668079412,201.5796668079412,201.5796668079412,201.5796668079412
5,5,2,5.510699033737183,0.0171682,3.0541000366210938,0.019173,1.9119508266448975,0.0211697,0.034011125564575195,3.8,0.1,0.1,201.5796668079412,201.5796668079412,201.5796668079412,201.5796668079412,201.5796668079412
5,5,3,1.5949077606201172,0.0171691,2.156583070755005,0.019166,1.9484350681304932,0.0211688,0.03335881233215332,2.8000000000000003,0.1,0.1,201.5796668079412,201.5796668079412,201.5796668079412,201.5796668079412,201.5796668079412
5,5,4,2.4170589447021484,0.0171746,1.287787914276123,0.0191671,2.1194727420806885,0.021176,0.03161501884460449,5.8999999999999995,2.6,2.8000000000000003,201.5796668079412,201.5796668079412,201.5796668079412,201.5796668079412,201.5796668079412
5,5,5,1.6288180351257324,0.0171676,1.704514980316162,0.019169,1.5603868961334229,0.0211648,0.030677080154418945,1.2,0.1,0.1,201.5796668079412,201.5796668079412,201.5796668079412,201.5796668079412,201.5796668079412
5,6,1,1.393129825592041,0.0171656,2.552341938018799,0.019167,2.0835516452789307,0.0211639,0.03169417381286621,0.1,0.1,0.1,173.58988771265405,173.58988771265405,173.58988771265405,173.58988771265408,173.58988771265405
5,6,2,1.775184154510498,0.0171662,1.4412579536437988,0.019168,1.7619268894195557,0.0211666,0.02799677848815918,0.1,3.9,0.1,173.58988771265408,173.58988771265405,173.58988771265408,173.58988771265405,173.58988771265405
5,6,3,1.7545499801635742,0.0171693,1.6739819049835205,0.0191683,1.522083044052124,0.0211761,0.02885293960571289,0.1,0.1,0.7000000000000001,173.58988771265408,173.58988771265405,173.58988771265408,173.58988771265408,173.58988771265405
5,6,4,1.3948311805725098,0.0171652,1.5829908847808838,0.0191697,2.007949113845825,0.0211736,0.028088092803955078,0.1,2.1,0.1,173.58988771265408,173.58988771265405,173.58988771265405,173.58988771265408,173.58988771265405
5,6,5,1.867055892944336,0.0171691,1.9992649555206299,0.0191672,1.6704928874969482,0.0211691,0.03440403938293457,4.9,0.8999999999999999,4.7,173.58988771265408,173.58988771265405,173.58988771265405,173.58988771265405,173.58988771265405
5,7,1,1.7075161933898926,0.0171663,2.7411038875579834,0.0191746,1.7693889141082764,0.0211695,0.02823781967163086,0.1,3.4000000000000004,1.4000000000000001,130.89066610113375,130.89066610113375,130.89066610113375,130.89066610113372,130.89066610113372
5,7,2,1.629714012145996,0.0171659,1.6185312271118164,0.0191674,1.7544739246368408,0.0211664,0.028771162033081055,0.1,3.1,2.4,130.89066610113375,130.89066610113375,130.89066610113375,130.89066610113372,130.89066610113372
5,7,3,1.889686107635498,0.0171674,1.6767559051513672,0.0191699,2.1357650756835938,0.0211732,0.03322792053222656,0.1,0.1,4.1000000000000005,130.89066610113375,130.89066610113375,130.89066610113375,130.89066610113372,130.89066610113372
5,7,4,2.0502068996429443,0.0171673,1.4732563495635986,0.019167,3.139598846435547,0.0211677,0.03931403160095215,5.2,2.0,1.0999999999999999,130.89066610113375,130.89066610113375,130.89066610113375,130.89066610113372,130.89066610113372
5,7,5,2.246640682220459,0.0171648,2.0600292682647705,0.0191684,1.6777949333190918,0.0211669,0.029096126556396484,1.7999999999999998,0.8999999999999999,0.1,130.89066610113375,130.89066610113375,130.89066610113375,130.89066610113372,130.89066610113372
5,8,1,1.4278650283813477,0.0171639,1.6025710105895996,0.019169,1.6037318706512451,0.021168,0.02104330062866211,3.5000000000000004,0.1,2.0,198.7327858579837,198.7327858579837,198.73278585798369,198.7327858579837,198.73278585798369
5,8,2,1.3812427520751953,0.0171696,1.5758543014526367,0.0191674,2.7282040119171143,0.021166,0.027827978134155273,1.3,6.6000000000000005,0.5,198.73278585798369,198.7327858579837,198.73278585798369,198.7327858579837,198.73278585798369
5,8,3,1.739976167678833,0.0171657,1.7782859802246094,0.0191691,1.589404821395874,0.0211663,0.032247066497802734,0.1,2.4,1.5,198.7327858579837,198.7327858579837,198.7327858579837,198.73278585798369,198.73278585798369
5,8,4,2.999159097671509,0.0171681,1.4713459014892578,0.0191702,1.4644529819488525,0.0211666,0.018271207809448242,0.8,0.1,2.5,198.7327858579837,198.7327858579837,198.73278585798369,198.7327858579837,198.73278585798369
5,8,5,1.5303568840026855,0.0171667,1.7240941524505615,0.0191715,1.795536994934082,0.0211687,0.017107009887695312,0.1,0.7000000000000001,0.1,198.73278585798369,198.7327858579837,198.73278585798369,198.7327858579837,198.73278585798369
5,9,1,1.2475049495697021,0.0171676,1.288025140762329,0.019165,2.282888889312744,0.0211654,0.02752685546875,8.5,0.1,3.6999999999999997,189.5879223985696,189.58792239856962,189.58792239856962,189.58792239856962,189.5879223985696
5,9,2,1.301602840423584,0.0171673,1.8004789352416992,0.0191671,1.669198989868164,0.0211687,0.024920225143432617,6.1,5.4,3.3000000000000003,189.5879223985696,189.5879223985696,189.5879223985696,189.58792239856962,189.5879223985696
5,9,3,1.6102380752563477,0.0171707,2.2175230979919434,0.0191685,2.1213340759277344,0.0211705,0.03759193420410156,3.3000000000000003,1.0,0.4,189.5879223985696,189.5879223985696,189.5879223985696,189.5879223985696,189.5879223985696
5,9,4,1.886368989944458,0.0171763,1.733168125152588,0.0191684,1.8601109981536865,0.0211667,0.02759385108947754,2.3,4.3,0.1,189.58792239856962,189.5879223985696,189.58792239856962,189.58792239856962,189.5879223985696
5,9,5,1.5792770385742188,0.0171697,1.554466724395752,0.0191685,1.521239995956421,0.0211655,0.027897119522094727,0.1,0.8999999999999999,0.1,189.58792239856962,189.5879223985696,189.5879223985696,189.58792239856962,189.5879223985696
5,10,1,5.198422193527222,0.0171659,1.404402732849121,0.0191651,1.8374032974243164,0.0211647,0.036390066146850586,0.1,3.9,1.7000000000000002,220.24564443935873,220.24564443935876,220.24564443935873,220.24564443935873,220.24564443935873
5,10,2,2.1726877689361572,0.0171679,1.800865888595581,0.0191674,1.676490068435669,0.0211704,0.04158806800842285,0.1,0.1,0.2,220.24564443935876,220.24564443935876,220.24564443935873,220.24564443935876,220.24564443935873
5,10,3,3.0546319484710693,0.0171679,1.9954240322113037,0.019166,2.114132881164551,0.0211661,0.03790903091430664,0.1,0.6,0.1,220.24564443935876,220.24564443935873,220.24564443935876,220.24564443935876,220.24564443935873
5,10,4,1.316992998123169,0.0171705,1.5418570041656494,0.0191723,1.4298512935638428,0.0211667,0.03664588928222656,0.1,0.5,1.3,220.24564443935876,220.24564443935873,220.24564443935873,220.24564443935876,220.24564443935873
5,10,5,1.6635639667510986,0.0171657,1.4079740047454834,0.0191669,1.4589009284973145,0.0211653,0.03466391563415527,0.8,1.2,0.2,220.24564443935873,220.24564443935876,220.24564443935873,220.24564443935876,220.24564443935873
6,1,1,2.8422698974609375,0.0171834,2.386883020401001,0.0191884,2.125615119934082,0.0211807,0.049584150314331055,0.3,0.7000000000000001,0.1,157.97056844282776,157.36308970345368,157.36308970345368,157.36308970345368,157.36308970345368
6,1,2,2.884171962738037,0.0171803,2.9883739948272705,0.0191821,2.7686500549316406,0.021179,0.050080060958862305,0.1,0.1,0.5,157.36308970345368,157.36308970345368,157.36308970345368,157.36308970345368,157.36308970345368
6,1,3,3.3404147624969482,0.0171852,3.195250988006592,0.0191767,3.109299898147583,0.0211828,0.06740832328796387,0.1,0.1,0.1,157.36308970345368,157.36308970345368,157.36308970345368,157.36308970345368,157.36308970345368
6,1,4,2.713021993637085,0.0171768,2.782586097717285,0.0191817,2.36625599861145,0.0211829,0.05337691307067871,0.1,0.2,0.2,157.36308970345368,157.36308970345368,157.36308970345368,157.36308970345368,157.36308970345368
6,1,5,2.2797298431396484,0.017186,2.142660140991211,0.0191877,4.338909864425659,0.021187,0.0542149543762207,0.1,0.1,0.1,157.36308970345368,157.36308970345368,157.36308970345368,157.36308970345368,157.36308970345368
6,2,1,3.674021005630493,0.0171816,2.695101022720337,0.0191778,2.0197818279266357,0.0211806,0.05300307273864746,0.1,0.2,0.2,134.37785038802815,134.37785038802815,134.37785038802815,134.37785038802815,134.37785038802815
6,2,2,3.556490898132324,0.017187,4.743502140045166,0.0191838,3.144941806793213,0.0211799,0.04654097557067871,1.7999999999999998,0.7000000000000001,0.1,134.37785038802815,184.362789351795,134.37785038802815,134.37785038802815,134.37785038802815
6,2,3,2.2012901306152344,0.017187,2.170632839202881,0.0191891,2.325659990310669,0.021183,0.0518031120300293,0.1,0.3,0.2,134.37785038802815,134.37785038802815,134.37785038802815,134.37785038802815,134.37785038802815
6,2,4,3.3576111793518066,0.0171827,3.130613088607788,0.0191803,2.9750308990478516,0.021178,0.05189085006713867,0.3,0.3,0.1,184.362789351795,134.37785038802815,134.37785038802815,134.37785038802815,134.37785038802815
6,2,5,3.4546799659729004,0.0171847,2.9766461849212646,0.0191781,2.029087781906128,0.0211851,0.06708288192749023,0.5,0.3,0.2,134.37785038802815,134.37785038802815,134.37785038802815,134.37785038802815,134.37785038802815
6,3,1,1.9212541580200195,0.0171806,2.243544101715088,0.0191879,3.408939838409424,0.0211802,0.05946803092956543,1.7000000000000002,0.1,0.1,245.93039004155418,246.0210635963395,245.93039004155418,245.9303900415542,245.93039004155418
6,3,2,2.3858351707458496,0.017189,2.639744997024536,0.0191814,1.9309039115905762,0.0211859,0.06090998649597168,0.1,0.7000000000000001,0.3,245.9303900415542,245.9303900415542,245.9303900415542,245.9303900415542,245.93039004155418
6,3,3,2.196676254272461,0.0171813,2.574568033218384,0.0191843,2.2226200103759766,0.0211914,0.05412101745605469,0.1,0.2,0.1,245.9303900415542,245.9303900415542,246.02106359633953,245.9303900415542,245.93039004155418
6,3,4,2.6366050243377686,0.0171818,2.75433087348938,0.0191853,2.5121750831604004,0.0211821,0.06661200523376465,0.6,0.3,0.1,262.0654496646469,245.9303900415542,245.93039004155418,245.9303900415542,245.93039004155418
6,3,5,2.774027109146118,0.017177,2.4216301441192627,0.0191816,2.759133815765381,0.0211812,0.05340695381164551,0.1,0.4,0.4,245.9303900415542,245.9303900415542,245.9303900415542,245.9303900415542,245.93039004155418
6,4,1,2.355325937271118,0.0171769,2.0530190467834473,0.0191929,4.155542612075806,0.0211796,0.04672980308532715,0.3,0.2,0.2,245.59414743245537,245.59414743245537,245.59414743245537,245.59414743245537,245.59414743245537
6,4,2,2.95200777053833,0.0171812,2.1540510654449463,0.0191837,2.254089117050171,0.0211753,0.04935812950134277,0.5,0.1,0.1,245.59414743245537,245.59414743245537,245.59414743245537,245.59414743245537,245.59414743245537
6,4,3,3.528197765350342,0.0171807,2.1423330307006836,0.0191819,2.309551954269409,0.0211881,0.049954891204833984,0.1,0.2,0.4,245.59414743245537,245.59414743245537,245.59414743245537,245.59414743245537,245.59414743245537
6,4,4,2.5475120544433594,0.0171817,2.4809207916259766,0.0191942,2.7133891582489014,0.0211845,0.04758596420288086,0.1,0.2,0.1,245.59414743245537,245.59414743245537,245.59414743245537,245.59414743245537,245.59414743245537
6,4,5,2.3895459175109863,0.0171902,2.477264881134033,0.0191819,3.5985589027404785,0.0211747,0.04568290710449219,0.1,0.1,0.1,245.59414743245537,245.59414743245537,245.59414743245537,245.59414743245537,245.59414743245537
6,5,1,2.8655710220336914,0.0171805,2.8322560787200928,0.0191792,3.0300416946411133,0.0211792,0.0464479923248291,0.1,0.3,0.3,139.77809825000543,139.77809825000543,139.77809825000543,139.77809825000543,139.77809825000543
6,5,2,2.1879019737243652,0.0171846,2.4816489219665527,0.019192,2.140256881713867,0.0211809,0.04706931114196777,0.2,0.1,0.2,157.34431705663349,139.77809825000543,139.77809825000543,139.77809825000543,139.77809825000543
6,5,3,2.2593488693237305,0.0171817,2.7193400859832764,0.0191886,3.1365230083465576,0.0211878,0.04871797561645508,0.1,0.1,0.1,139.77809825000543,139.77809825000543,139.77809825000543,139.77809825000543,139.77809825000543
6,5,4,3.368317127227783,0.0171885,2.5850932598114014,0.0191887,1.9826991558074951,0.0211806,0.06122183799743652,0.8,0.2,0.5,139.77809825000543,139.77809825000543,157.34431705663349,139.77809825000543,139.77809825000543
6,5,5,2.417064905166626,0.0171792,2.0783917903900146,0.0191803,3.018867015838623,0.0211917,0.05039811134338379,0.3,0.1,0.1,139.77809825000543,139.77809825000543,139.77809825000543,139.77809825000543,139.77809825000543
6,6,1,3.8276708126068115,0.017184,2.156388998031616,0.0191785,2.211956024169922,0.0211914,0.05477786064147949,0.4,0.1,0.3,109.0509034244737,109.05090342447372,114.9364019439361,109.0509034244737,109.0509034244737
6,6,2,2.800236225128174,0.0171885,2.5287370681762695,0.0191848,3.267213821411133,0.0211874,0.05602312088012695,0.2,0.1,0.2,109.05090342447372,109.05090342447372,109.0509034244737,109.05090342447372,109.0509034244737
6,6,3,3.048731803894043,0.0171842,2.1192069053649902,0.019178,2.8857080936431885,0.0211781,0.056867122650146484,0.1,0.2,0.4,109.05090342447372,109.0509034244737,109.05090342447372,109.05090342447372,109.0509034244737
6,6,4,3.212723970413208,0.0171782,2.872260093688965,0.0191792,2.405219793319702,0.0211839,0.06389999389648438,0.1,0.1,0.1,109.05090342447372,109.05090342447372,109.0509034244737,109.0509034244737,109.0509034244737
6,6,5,4.055812835693359,0.017184,2.0585410594940186,0.0191816,3.2703769207000732,0.0211771,0.05466604232788086,1.5,0.1,0.1,109.05090342447372,109.0509034244737,109.0509034244737,109.0509034244737,109.0509034244737
6,7,1,3.3194949626922607,0.0171837,2.7710018157958984,0.0191781,3.0134761333465576,0.0211789,0.04085111618041992,0.1,0.4,0.1,187.01178752936767,187.01178752936767,187.0117875293677,187.01178752936767,187.01178752936767
6,7,2,2.442067861557007,0.0171834,2.9874250888824463,0.0191825,2.918036937713623,0.0211812,0.03955388069152832,0.2,0.1,0.2,187.0117875293677,201.0149245960741,187.0117875293677,187.01178752936767,187.01178752936767
6,7,3,2.7546799182891846,0.0171891,2.6192879676818848,0.0191809,2.7937278747558594,0.0211756,0.043786048889160156,0.5,0.4,0.2,187.0117875293677,187.01178752936767,187.01178752936767,187.01178752936767,187.01178752936767
6,7,4,2.734816074371338,0.017188,1.8671019077301025,0.0191796,1.7950210571289062,0.0211782,0.05066490173339844,0.4,0.1,0.3,187.01178752936767,189.9581192309882,187.01178752936767,187.01178752936767,187.01178752936767
6,7,5,2.7636961936950684,0.0171867,3.7787389755249023,0.0191858,2.362732172012329,0.021185,0.04199981689453125,0.1,0.1,0.2,187.0117875293677,187.0117875293677,189.9581192309882,187.01178752936767,187.01178752936767
6,8,1,2.4981272220611572,0.0171917,2.5996789932250977,0.0191779,2.449049711227417,0.0211887,0.059090375900268555,0.1,0.6,0.5,215.4575780001211,247.56718696181284,215.45757800012112,215.4575780001211,215.4575780001211
6,8,2,3.9168307781219482,0.0171763,3.154684066772461,0.0191863,3.281920909881592,0.0211839,0.06470394134521484,0.5,0.1,0.1,215.45757800012112,215.4575780001211,247.56718696181284,215.4575780001211,215.4575780001211
6,8,3,3.20068097114563,0.0171823,2.5029730796813965,0.0191798,2.183104991912842,0.0211912,0.05039477348327637,0.2,0.1,0.1,215.4575780001211,215.4575780001211,234.74604796319906,215.45757800012112,215.4575780001211
6,8,4,2.2497341632843018,0.0171948,2.18491792678833,0.0191755,2.1232309341430664,0.0211854,0.05622696876525879,0.3,0.2,0.1,215.4575780001211,215.4575780001211,215.45757800012112,215.45757800012112,215.4575780001211
6,8,5,2.4697351455688477,0.0171871,2.0235719680786133,0.0191819,4.515893936157227,0.0211798,0.07950901985168457,0.1,0.1,0.1,215.45757800012112,215.4575780001211,215.45757800012112,215.45757800012112,215.4575780001211
6,9,1,2.38151216506958,0.0171839,2.4079179763793945,0.0191784,3.4571478366851807,0.02118,0.06364202499389648,0.1,0.5,0.8,175.51382951435937,217.81527342602502,175.51382951435937,175.51382951435937,175.51382951435937
6,9,2,3.212412118911743,0.0171818,3.700767993927002,0.019181,4.171468019485474,0.0211829,0.05371284484863281,0.1,0.6,0.3,175.5138295143594,175.51382951435937,175.5138295143594,175.51382951435937,175.51382951435937
6,9,3,2.616147994995117,0.0171802,2.9958810806274414,0.0191917,3.091417074203491,0.0211831,0.06085205078125,0.1,0.1,0.2,175.5138295143594,175.51382951435937,217.81527342602502,175.51382951435937,175.51382951435937
6,9,4,3.9396963119506836,0.0171803,3.136164903640747,0.0191847,2.305675983428955,0.0211859,0.06434416770935059,0.3,0.1,1.0999999999999999,175.51382951435937,175.51382951435937,175.5138295143594,175.51382951435937,175.51382951435937
6,9,5,2.450007677078247,0.0171816,2.7646923065185547,0.0191814,2.817063331604004,0.021179,0.054473876953125,0.3,0.1,0.4,175.5138295143594,175.51382951435937,175.51382951435937,175.51382951435937,175.51382951435937
6,10,1,2.3940021991729736,0.017184,2.7088961601257324,0.0191847,2.796741247177124,0.0211809,0.020761966705322266,0.1,0.1,0.1,152.36838653112312,159.32938089244888,152.36838653112312,152.36838653112312,152.36838653112312
6,10,2,2.6338210105895996,0.0171882,2.63669490814209,0.0191793,2.348059892654419,0.0211826,0.022075176239013672,0.3,0.1,0.1,152.36838653112312,152.36838653112312,152.36838653112312,152.36838653112312,152.36838653112312
6,10,3,2.0940399169921875,0.0171819,2.459773063659668,0.0191854,4.424885988235474,0.0211843,0.03069615364074707,0.7000000000000001,2.6,0.2,168.47963328722406,152.36838653112312,152.36838653112312,152.36838653112312,152.36838653112312
6,10,4,3.3983941078186035,0.0171838,3.211099863052368,0.0191829,2.4278011322021484,0.0211792,0.05476665496826172,0.1,0.2,0.1,159.3293808924489,152.36838653112312,159.32938089244888,152.36838653112312,152.36838653112312
6,10,5,2.707320213317871,0.0171763,3.427342176437378,0.0191791,1.8558106422424316,0.0211897,0.022337913513183594,0.2,0.1,0.2,159.32938089244888,152.36838653112312,152.36838653112312,152.36838653112312,152.36838653112312
7,1,1,3.8814687728881836,0.0171943,4.3119118213653564,0.0192001,6.750325918197632,0.0211998,0.053401947021484375,0.1,0.1,0.1,223.07928275032393,195.99802666029274,195.99802666029274,195.99802666029274,195.99802666029274
7,1,2,3.2153899669647217,0.0172027,3.613123893737793,0.0192056,4.24463415145874,0.0212036,0.05861616134643555,0.1,0.2,0.1,241.9702802397363,213.0643398655156,211.96054031595787,195.99802666029274,195.99802666029274
7,1,3,4.267873048782349,0.0171975,2.951004981994629,0.0191997,3.2062060832977295,0.0211972,0.06571507453918457,0.1,0.1,0.1,250.0606312688811,218.72495537872317,211.96054031595787,195.99802666029274,195.99802666029274
7,1,4,4.70083475112915,0.0171942,3.4138197898864746,0.0191955,2.54618501663208,0.0212012,0.060758113861083984,0.1,0.1,0.1,223.07928275032393,242.49027379264876,211.96054031595787,195.99802666029274,195.99802666029274
7,1,5,4.7113401889801025,0.0171967,5.229496717453003,0.0192129,4.460361003875732,0.021197,0.06956791877746582,0.2,0.1,0.1,195.99802666029274,218.1411493820779,218.1411493820779,195.99802666029274,195.99802666029274
7,2,1,3.297806978225708,0.0172058,2.80283522605896,0.0192029,3.6699068546295166,0.0212041,0.06048989295959473,0.1,0.1,0.1,194.5051487906503,214.03810398953487,234.92939707840276,194.5051487906503,194.50514879065028
7,2,2,3.122972011566162,0.0172022,4.748610973358154,0.0191989,3.832031011581421,0.0211937,0.045954227447509766,0.1,0.1,0.1,197.20863282678306,248.9258147254482,214.03810398953487,194.5051487906503,194.50514879065028
7,2,3,3.2298219203948975,0.017204,4.495043992996216,0.0191964,4.43776273727417,0.0211981,0.05069708824157715,0.1,0.1,0.1,197.20863282678306,211.33461995340213,211.33461995340213,194.50514879065028,194.50514879065028
7,2,4,4.244041204452515,0.0171997,3.1607654094696045,0.0192004,4.05646276473999,0.0212109,0.05937814712524414,0.1,0.1,0.1,233.11368163726044,211.3346199534021,209.58112471923553,194.5051487906503,194.50514879065028
7,2,5,2.9265148639678955,0.0171972,3.0749869346618652,0.0191993,2.70114803314209,0.0212092,0.0477299690246582,0.1,0.2,0.1,229.67204910335857,194.5051487906503,248.9258147254482,194.5051487906503,194.50514879065028
7,3,1,3.69995379447937,0.0171983,2.976496696472168,0.0192095,5.300656080245972,0.0211919,0.03575015068054199,0.1,0.1,0.2,236.44256296781066,233.76204052771226,270.95097555833513,220.98883009236837,220.98883009236837
7,3,2,3.482611894607544,0.0172007,2.9283640384674072,0.0191902,3.1224546432495117,0.0212042,0.04896712303161621,0.1,0.1,0.1,223.30432948724558,242.59553000446925,233.8583002234829,220.98883009236837,220.98883009236837
7,3,3,3.361953020095825,0.0171946,3.961068868637085,0.0192056,4.539402008056641,0.021201,0.05019211769104004,0.1,0.1,0.1,233.93438966601607,220.98883009236837,236.34630327203996,220.98883009236837,220.98883009236837
7,3,4,3.3632171154022217,0.0171965,5.856043815612793,0.0191954,2.95249605178833,0.0212068,0.03726792335510254,0.1,0.1,0.1,223.30432948724558,233.76204052771226,303.68493872402746,220.98883009236837,220.98883009236837
7,3,5,2.7557802200317383,0.0172008,2.85250186920166,0.0192065,3.5195109844207764,0.0212001,0.052718162536621094,0.1,0.4,0.1,233.76204052771226,250.78281350756507,223.5730928366961,220.98883009236837,220.98883009236837
7,4,1,4.429119110107422,0.0171969,2.6510329246520996,0.0191998,5.093422174453735,0.0211937,0.06644582748413086,0.1,0.1,0.1,272.02561758441675,220.4380300931048,287.64763964236226,220.4380300931048,220.43803009310477
7,4,2,4.859888076782227,0.0172062,2.8975670337677,0.0192061,3.704195022583008,0.0211918,0.044886112213134766,0.1,0.1,0.1,237.9315153801026,220.7956244792316,241.70501814576056,220.4380300931048,220.43803009310477
7,4,3,3.0439600944519043,0.0172069,4.765034198760986,0.0192053,4.826078176498413,0.0211941,0.0734708309173584,0.1,0.1,0.1,220.7956244792316,220.4380300931048,237.93151538010255,220.4380300931048,220.43803009310477
7,4,4,3.787407159805298,0.0172,3.036432981491089,0.0192026,3.0432450771331787,0.0211972,0.06055402755737305,0.1,0.1,0.1,237.9315153801026,264.47300894927514,237.93151538010255,220.4380300931048,220.43803009310477
7,4,5,3.656886577606201,0.0171942,3.6726231575012207,0.0191983,4.637006759643555,0.0211999,0.05641818046569824,0.2,0.1,0.1,263.302578744238,220.7956244792316,220.49232426857293,220.4380300931048,220.43803009310477
7,5,1,3.88930082321167,0.017199,3.4664552211761475,0.0191963,3.4375131130218506,0.0211922,0.06348681449890137,0.1,0.1,0.1,282.08292552023147,307.89914406228854,241.7588637291451,236.1957769301129,236.1957769301129
7,5,2,5.142119884490967,0.0172018,3.0428268909454346,0.0192052,3.923417091369629,0.0211965,0.07320761680603027,0.1,0.1,0.1,236.1957769301129,257.4584997099057,236.1957769301129,236.1957769301129,236.1957769301129
7,5,3,3.5677969455718994,0.0171942,4.105662107467651,0.0192042,5.03819727897644,0.0211981,0.0556488037109375,0.1,0.2,0.1,265.2877886092689,265.2877886092689,248.19664963047313,236.1957769301129,236.1957769301129
7,5,4,4.199039936065674,0.0171954,3.3004417419433594,0.0192016,3.8021492958068848,0.0212042,0.0702657699584961,0.3,0.3,0.2,254.35314712835608,254.35314712835608,236.1957769301129,236.1957769301129,236.1957769301129
7,5,5,3.4202988147735596,0.0171964,4.1515748500823975,0.0191963,7.162304878234863,0.0211987,0.0520777702331543,0.1,0.1,0.2,282.32555269985403,241.7588637291451,247.05347217874316,236.1957769301129,236.1957769301129
7,6,1,3.5765140056610107,0.017211,4.53953218460083,0.0192061,3.639435052871704,0.0212035,0.028017044067382812,0.1,0.1,0.2,178.59887470295953,178.59887470295956,193.5015488027207,178.59887470295956,178.59887470295953
7,6,2,3.726224184036255,0.017199,4.6407880783081055,0.0192013,5.649348735809326,0.0212022,0.03467297554016113,0.1,0.1,0.4,218.79864220030214,178.59887470295956,240.41780812018038,178.59887470295956,178.59887470295953
7,6,3,3.41552996635437,0.0172065,5.902281045913696,0.0192009,3.9061179161071777,0.0212041,0.03218197822570801,0.3,0.1,0.1,240.41780812018038,216.08669474764804,193.50154880272072,178.59887470295956,178.59887470295953
7,6,4,3.916259288787842,0.0171996,4.498636960983276,0.0192068,5.253398656845093,0.0212037,0.031215190887451172,0.1,0.1,0.1,204.73610062988033,236.08752151958484,218.79864220030214,178.59887470295956,178.59887470295953
7,6,5,3.622598886489868,0.0172018,7.288298845291138,0.0192037,5.734729051589966,0.0212017,0.03834390640258789,0.1,0.1,0.1,193.50154880272072,267.782496090795,204.73610062988033,178.59887470295956,178.59887470295953
7,7,1,4.883137941360474,0.0171953,5.25161075592041,0.0191949,3.6606061458587646,0.0212046,0.054486989974975586,0.1,0.1,0.1,171.56332861156696,203.2518033077119,201.97182391068228,171.56332861156696,171.56332861156696
7,7,2,5.22649884223938,0.017197,4.534950256347656,0.019202,4.234953880310059,0.0212003,0.05677294731140137,0.2,0.1,0.2,171.56332861156696,256.62801948334493,246.7321325056,171.56332861156696,171.56332861156696
7,7,3,4.8010828495025635,0.0171983,4.433755874633789,0.0192041,5.422015190124512,0.0212028,0.07891726493835449,0.1,0.1,0.1,171.56332861156696,171.56332861156696,231.4628018810254,171.56332861156696,171.56332861156696
7,7,4,4.826824903488159,0.0172021,5.040394067764282,0.0191926,4.872725009918213,0.0211965,0.05055117607116699,0.1,0.1,0.1,201.97182391068228,240.55788787273167,218.38129466393417,171.56332861156696,171.56332861156696
7,7,5,4.790759801864624,0.0172028,4.137276887893677,0.0192039,3.6310160160064697,0.0211962,0.05869483947753906,0.1,0.1,0.2,193.45448212959747,171.56332861156696,171.56332861156696,171.56332861156696,171.56332861156696
7,8,1,6.24037766456604,0.0172001,4.1905810832977295,0.0192001,5.509517192840576,0.0211987,0.08306193351745605,0.1,0.2,0.1,256.535994843691,242.6819570156331,246.75608732365617,241.01657932455072,241.0165793245507
7,8,2,5.025483131408691,0.0171975,5.6847429275512695,0.0192059,6.320978879928589,0.0212101,0.07006597518920898,0.1,0.1,0.1,242.6819570156331,251.75258875192853,242.6819570156331,241.01657932455072,241.0165793245507
7,8,3,4.322464942932129,0.0171978,5.328062057495117,0.0191919,4.614654064178467,0.0211999,0.052345991134643555,0.1,0.1,0.1,252.0651239807067,252.0651239807067,241.01657932455072,241.0165793245507,241.0165793245507
7,8,4,6.710283041000366,0.0171933,5.0147199630737305,0.0192073,5.992743015289307,0.0211992,0.05173230171203613,0.1,0.1,0.1,241.01657932455072,250.09392541991107,242.6819570156331,241.0165793245507,241.0165793245507
7,8,5,5.425007104873657,0.0171958,5.347630977630615,0.0191996,5.520715951919556,0.0212004,0.06872129440307617,0.1,0.1,0.1,271.4646417498042,242.6819570156331,246.75608732365615,241.01657932455072,241.0165793245507
7,9,1,4.538246154785156,0.0171896,5.076534032821655,0.0192019,4.485579013824463,0.0211932,0.07117199897766113,0.3,0.2,0.1,94.46988072795905,143.44888200820657,134.29889254654873,94.46988072795905,94.46988072795905
7,9,2,4.630008697509766,0.0171973,4.950461387634277,0.019205,5.199597120285034,0.0212023,0.05257296562194824,0.1,0.1,0.1,94.46988072795905,137.62025192412307,94.46988072795905,94.46988072795907,94.46988072795905
7,9,3,5.957359075546265,0.0171916,5.210002899169922,0.0192078,4.410345077514648,0.0212049,0.07096099853515625,0.1,0.1,0.2,94.46988072795907,117.28098823568399,151.65140985731819,94.46988072795905,94.46988072795905
7,9,4,4.247385025024414,0.0171981,9.712934017181396,0.0192016,6.500263929367065,0.0211987,0.06536293029785156,0.1,0.1,0.2,145.48305522126856,143.44888200820657,143.44888200820657,94.46988072795907,94.46988072795905
7,9,5,4.678499698638916,0.0172021,7.03528094291687,0.0192047,5.378785133361816,0.0211994,0.055253028869628906,0.1,0.5,0.1,94.46988072795905,137.62025192412307,179.75215914051662,94.46988072795905,94.46988072795905
7,10,1,6.146481990814209,0.0172032,8.862709045410156,0.0192057,4.585194110870361,0.0211963,0.045189857482910156,0.1,0.1,0.1,274.9848908068181,227.43094252125337,242.21977039403077,206.60633318101065,206.60633318101063
7,10,2,4.513345003128052,0.0171992,4.4085869789123535,0.0191974,4.063575983047485,0.0211961,0.049890995025634766,0.1,0.1,0.1,216.0236851133715,249.854754077838,216.02368511337147,206.60633318101065,206.60633318101063
7,10,3,4.135040998458862,0.0171965,4.787724018096924,0.0192024,4.250788927078247,0.0211947,0.05559396743774414,0.1,0.1,0.1,206.60633318101065,206.60633318101065,273.9533928729029,206.60633318101065,206.60633318101063
7,10,4,3.544296979904175,0.0172028,3.816969871520996,0.0192071,5.057368755340576,0.021197,0.07130122184753418,0.1,0.1,0.3,206.60633318101065,234.68378615337951,237.40317078420742,206.60633318101063,206.60633318101063
7,10,5,6.083510875701904,0.0171952,3.550187110900879,0.0191984,3.2767701148986816,0.0212141,0.06266999244689941,0.1,0.3,0.1,293.44335381698914,227.43094252125337,282.0442534441474,206.60633318101065,206.60633318101063
8,1,1,5.206457853317261,0.0172232,5.545330047607422,0.0192134,5.385875940322876,0.0212149,0.3905777931213379,0.1,0.1,0.1,180.8595920320562,108.11168208356855,284.60565593601314,106.9125833372971,106.9125833372971
8,1,2,5.931665897369385,0.0172202,6.953801155090332,0.0192145,4.180295944213867,0.0212145,0.44803500175476074,0.1,0.1,0.1,160.4921940802073,146.01262402465997,141.8342709772388,106.9125833372971,106.9125833372971
8,1,3,6.26823616027832,0.0172078,5.525269031524658,0.0192217,4.575321197509766,0.0212175,0.358123779296875,0.1,0.1,0.1,209.66835949661797,198.49774010381873,342.6227163491078,106.9125833372971,106.9125833372971
8,1,4,4.106788873672485,0.0172235,5.595691919326782,0.0192139,4.901047706604004,0.0212207,0.44672322273254395,0.1,0.1,0.1,181.6643071356012,178.4587722106213,121.67723400487532,106.9125833372971,106.9125833372971
8,1,5,4.099886894226074,0.0172167,5.735177993774414,0.0192212,4.717851161956787,0.0212209,0.3946049213409424,0.1,0.1,0.1,177.97491242512888,191.08614442783255,240.00390560319127,106.9125833372971,106.9125833372971
8,2,1,7.431012868881226,0.0172148,5.8239359855651855,0.0192151,4.662531137466431,0.0212211,0.38869786262512207,0.1,0.1,0.1,305.48785255030634,256.859716716678,226.37467126710595,174.69740003760984,174.69740003760984
8,2,2,4.428080320358276,0.0172163,3.6802237033843994,0.0192235,5.839092254638672,0.0212157,0.32023191452026367,0.1,0.1,0.1,261.7893306500149,246.1956340006393,255.68086826712937,174.69740003760984,174.69740003760984
8,2,3,3.7796261310577393,0.0172186,7.8327460289001465,0.0192135,8.04250192642212,0.021213,0.4190819263458252,0.1,0.1,0.1,230.31081643761485,235.8655768911467,298.32759189206524,174.69740003760984,174.69740003760984
8,2,4,5.67071008682251,0.0172234,7.485185623168945,0.0192083,7.026616096496582,0.0212249,0.4107367992401123,0.1,0.1,0.1,246.25408094037894,275.55585778031264,353.80994337326575,174.69740003760984,174.69740003760984
8,2,5,4.389670133590698,0.017215,6.151869058609009,0.0192085,6.3698060512542725,0.021219,0.33702611923217773,0.1,0.1,0.1,241.1857725482678,226.78758916103646,233.9536857809395,174.69740003760984,174.69740003760984
8,3,1,6.483335971832275,0.017217,4.992589235305786,0.0192182,5.261657953262329,0.021222,0.32029104232788086,0.1,0.1,0.1,244.87805710606327,360.3540508702862,361.2438915468554,197.6254654888405,197.6254654888405
8,3,2,4.512310028076172,0.0172162,5.0643630027771,0.0192085,6.584624767303467,0.0212136,0.321732759475708,0.1,0.1,0.1,228.2077576151772,314.84159480887246,316.68378644453173,197.6254654888405,197.6254654888405
8,3,3,7.707773923873901,0.0172109,5.957146883010864,0.0192145,4.428464889526367,0.0212211,0.5448079109191895,0.1,0.1,0.1,328.0905768080653,262.9839026031652,320.3624026405164,197.6254654888405,197.6254654888405
8,3,4,5.9379119873046875,0.017213,7.925218105316162,0.0192099,4.4192588329315186,0.0212105,0.5032088756561279,0.1,0.1,0.1,323.56306049120707,298.2627426661604,315.9184793931649,197.6254654888405,197.6254654888405
8,3,5,6.285540819168091,0.0172132,4.653225898742676,0.0192203,6.431278228759766,0.0212134,0.5061230659484863,0.1,0.1,0.1,259.4316250091578,279.275320484757,248.40492867854823,197.6254654888405,197.6254654888405
8,4,1,4.732642889022827,0.0172121,5.107773065567017,0.0192171,5.800210237503052,0.0212192,0.49162793159484863,0.1,0.1,0.1,199.08945746240113,209.44557685154868,260.99705002943557,167.94240028757324,167.9424002875732
8,4,2,3.508582830429077,0.0172161,3.78872013092041,0.0192241,3.8157548904418945,0.0212289,0.31511521339416504,0.1,0.1,0.1,248.11299134707937,268.12599814251746,228.88013210867274,167.94240028757324,167.9424002875732
8,4,3,5.644557237625122,0.0172218,6.479063987731934,0.0192153,5.589930295944214,0.0212164,0.4511244297027588,0.1,0.1,0.1,340.4993019666655,321.5349283071744,187.73123904988032,167.94240028757324,167.9424002875732
8,4,4,8.085766077041626,0.0172126,7.868939161300659,0.0192189,5.154526948928833,0.021223,0.3057870864868164,0.1,0.1,0.1,258.95080471777146,272.5838037306291,228.01242836546243,167.94240028757324,167.9424002875732
8,4,5,6.012480020523071,0.0172097,5.616302728652954,0.0192152,4.2747650146484375,0.0212138,0.36677002906799316,0.1,0.1,0.1,310.57332668297255,373.141466388767,388.5771843751009,167.94240028757324,167.9424002875732
8,5,1,5.116830110549927,0.0172103,4.723936080932617,0.0192128,5.556760787963867,0.0212179,0.2986259460449219,0.1,0.1,0.1,209.9304111888476,275.99318470325585,240.209154504033,186.5551331335421,186.5551331335421
8,5,2,6.661741018295288,0.0172169,5.993043899536133,0.0192184,3.73091197013855,0.0212218,0.30936312675476074,0.1,0.1,0.1,273.291706700829,324.1976553138411,349.7492832912289,186.55513313354214,186.5551331335421
8,5,3,3.653010129928589,0.0172189,4.155958890914917,0.0192169,5.452728033065796,0.0212168,0.2191758155822754,0.1,0.1,0.1,274.5604773039185,280.0706326702507,250.38341966252005,186.5551331335421,186.5551331335421
8,5,4,6.474858999252319,0.0172153,6.1607489585876465,0.0192151,3.9737420082092285,0.0212162,0.21307706832885742,0.1,0.1,0.1,302.04457303639447,252.8686201851356,289.71720612191257,186.5551331335421,186.5551331335421
8,5,5,6.017493009567261,0.0172141,3.8867979049682617,0.0192165,5.544945240020752,0.0212216,0.36815690994262695,0.1,0.1,0.1,322.95011956048046,335.52520962522465,295.4201413871026,186.5551331335421,186.5551331335421
8,6,1,6.244811058044434,0.0172155,4.808243989944458,0.0192116,6.295917749404907,0.0212203,0.4101071357727051,0.1,0.1,0.1,272.5781120304974,281.1478296655958,273.4382755733422,208.37455668211433,208.3745566821143
8,6,2,4.210413932800293,0.0172181,6.04892110824585,0.0192127,7.284389019012451,0.0212193,0.49768495559692383,0.1,0.1,0.1,256.8667618019943,252.33137786618715,237.143273229743,208.37455668211433,208.3745566821143
8,6,3,7.554291009902954,0.0172124,4.663570880889893,0.0192132,5.512998104095459,0.0212153,0.37953686714172363,0.1,0.1,0.1,267.12089187068045,236.79810552638054,248.94534201841432,208.37455668211433,208.3745566821143
8,6,4,5.448731899261475,0.0172024,3.5155222415924072,0.0192175,4.466109991073608,0.0212189,0.3971068859100342,0.1,0.1,0.1,272.07949959053633,258.5753576236715,260.05185770849016,208.3745566821143,208.3745566821143
8,6,5,5.526445150375366,0.0172157,8.061774730682373,0.019213,5.243021011352539,0.0212131,0.38697075843811035,0.1,0.1,0.1,277.3890514632459,259.93724048979004,252.1786469993982,208.37455668211433,208.3745566821143
8,7,1,5.085326671600342,0.0172179,7.531744003295898,0.0192098,6.26565408706665,0.0212171,0.39322614669799805,0.1,0.1,0.1,276.8768393593848,265.425786296849,292.8652108827969,199.04118950064625,199.0411895006462
8,7,2,4.732296943664551,0.0172199,4.636965990066528,0.0192172,7.209467887878418,0.0212079,0.31467604637145996,0.1,0.1,0.1,316.17476362914186,293.3758515218088,313.2521540224229,199.04118950064625,199.0411895006462
8,7,3,7.108524799346924,0.0172209,5.290342092514038,0.0192096,3.476024866104126,0.0212203,0.30000901222229004,0.1,0.1,0.1,247.94611282661637,261.37934896028753,321.94395048939936,199.04118950064625,199.0411895006462
8,7,4,4.596117973327637,0.017223,7.067710876464844,0.0192094,4.311861038208008,0.0212181,0.40605998039245605,0.1,0.1,0.1,323.78572118932556,257.063860060409,333.14880784214785,199.04118950064625,199.0411895006462
8,7,5,3.8293588161468506,0.0172201,5.816723108291626,0.019216,4.819910049438477,0.0212185,0.4746880531311035,0.1,0.1,0.1,298.0925754393457,199.0411895006462,315.8066860311294,199.04118950064625,199.0411895006462
8,8,1,4.98519492149353,0.0172166,4.358322858810425,0.0192201,6.954119920730591,0.0212098,0.3573000431060791,0.1,0.1,0.1,143.77971807359182,181.87020273373906,222.87133967047475,106.02801035258994,106.02801035258994
8,8,2,4.5845558643341064,0.0172226,4.96584415435791,0.0192077,6.211032152175903,0.0212234,0.36492490768432617,0.1,0.1,0.1,245.80272612295767,181.29973871423553,211.77519127894288,106.02801035258994,106.02801035258994
8,8,3,4.474001884460449,0.0172144,4.018728971481323,0.0192186,5.994390964508057,0.0212144,0.4977588653564453,0.1,0.1,0.1,193.52442410161535,221.4469250794706,295.13422363331364,106.02801035258994,106.02801035258994
8,8,4,3.7100398540496826,0.0172192,5.946860074996948,0.0192135,4.044867753982544,0.0212203,0.364063024520874,0.1,0.1,0.1,180.29138747230593,299.8806829701552,260.0564790622892,106.02801035258994,106.02801035258994
8,8,5,4.361105918884277,0.0172199,5.197407960891724,0.019217,5.43546199798584,0.021214,0.5252151489257812,0.1,0.1,0.1,212.98488299762036,243.97357202752576,318.34017030808025,106.02801035258994,106.02801035258994
8,9,1,4.690767765045166,0.0172128,5.416368722915649,0.0192102,4.702387094497681,0.0212113,0.41378307342529297,0.1,0.1,0.2,359.6805169783952,492.6649807334561,309.02450555097596,225.4273495757355,225.4273495757355
8,9,2,5.955459833145142,0.0172209,5.3177490234375,0.019216,3.753671169281006,0.0212178,0.29366493225097656,0.1,0.1,0.1,258.1430179278033,344.98609742693293,300.17430574745043,225.42734957573552,225.4273495757355
8,9,3,6.6035051345825195,0.0172124,5.5489161014556885,0.0192134,4.985256910324097,0.0212152,0.2937788963317871,0.1,0.1,0.1,297.0985871838909,285.0128018196397,447.4884216599416,225.4273495757355,225.4273495757355
8,9,4,3.826706886291504,0.0172185,4.501645803451538,0.0192206,3.535892963409424,0.0212234,0.3107881546020508,0.1,0.1,0.1,376.0937348790172,305.97034218871283,355.28869454916224,225.4273495757355,225.4273495757355
8,9,5,5.16124701499939,0.0172087,4.63373589515686,0.0192147,5.286334991455078,0.0212154,0.42983579635620117,0.1,0.1,0.1,309.6576567265596,236.722196524041,312.9872021686196,225.4273495757355,225.4273495757355
8,10,1,3.792174816131592,0.0172221,5.370972156524658,0.0192017,6.531447172164917,0.0212153,0.421597957611084,0.1,0.1,0.1,260.4068540474059,147.58120763670257,234.21883777921443,104.61042778377929,104.61042778377929
8,10,2,5.361623764038086,0.0172184,5.312262296676636,0.0192235,3.8606748580932617,0.0212227,0.2972381114959717,0.1,0.1,0.1,168.21560306871459,198.78435957897884,208.93491348738758,104.61042778377929,104.61042778377929
8,10,3,4.733695030212402,0.0172138,4.242727994918823,0.0192211,8.756859302520752,0.0212134,0.4831259250640869,0.1,0.1,0.1,160.67624514380498,157.12928765455246,154.69746857004412,104.61042778377929,104.61042778377929
8,10,4,3.7741968631744385,0.0172252,5.926560878753662,0.019213,7.9256370067596436,0.0212072,0.25237417221069336,0.1,0.1,0.1,177.81722646074604,206.53513642053431,106.78860779294897,104.61042778377929,104.61042778377929
8,10,5,4.636034965515137,0.0172211,4.886509895324707,0.0192188,3.704577922821045,0.0212262,0.27279186248779297,0.1,0.1,0.1,178.11654858533,202.03589396216177,194.0921762610665,104.61042778377929,104.61042778377929
9,1,1,5.790064811706543,0.0172296,5.943011045455933,0.0192348,5.314166069030762,0.0212337,0.4288063049316406,0.1,0.1,0.1,250.03553069849178,335.4051389572942,277.0771220164945,115.07844570552716,115.07844570552716
9,1,2,4.723489046096802,0.0172349,5.069765090942383,0.0192321,3.8250386714935303,0.0212368,0.28192996978759766,0.1,0.1,,341.63624307578834,405.29018897219726,,115.07844570552716,115.07844570552716
9,1,3,5.9477691650390625,0.0172322,5.6580517292022705,0.019237,5.892369031906128,0.0212342,0.4007749557495117,,0.1,0.1,,271.9460753960293,410.47566801533355,115.07844570552716,115.07844570552716
9,1,4,5.945198059082031,0.0172385,5.041898012161255,0.0192277,4.110358238220215,0.0212358,0.4239342212677002,0.1,0.1,,367.17205022005976,346.86690754382,,115.07844570552716,115.07844570552716
9,1,5,4.35474705696106,0.0172397,7.207672119140625,0.0192231,8.434351921081543,0.0212248,0.30271100997924805,0.1,0.1,0.1,227.1101522298862,267.4890648546486,455.1377035599496,115.07844570552716,115.07844570552716
9,2,1,4.821974039077759,0.0172314,6.3025431632995605,0.0192339,6.219184875488281,0.0212339,0.3862299919128418,0.1,0.1,0.1,560.2407550681227,289.80165175353227,413.8478425467127,168.60976907462404,168.609769074624
9,2,2,5.516397714614868,0.0172274,4.412139177322388,0.0192338,6.244421005249023,0.0212335,0.2897059917449951,0.1,0.1,0.1,334.92858210730446,314.1681357681321,411.80950621643535,168.609769074624,168.609769074624
9,2,3,4.159753799438477,0.017236,4.574041128158569,0.0192326,4.603634834289551,0.021235,0.35164594650268555,0.1,0.1,0.1,360.589971849157,300.40148335007643,448.72494239449134,168.609769074624,168.609769074624
9,2,4,5.349545955657959,0.0172356,6.20545506477356,0.0192318,7.802231073379517,0.0212315,0.39718174934387207,0.1,0.1,0.1,437.8472023184992,415.47990922199045,405.0811450749525,168.609769074624,168.609769074624
9,2,5,9.219905138015747,0.0172296,4.683398008346558,0.019232,5.703703880310059,0.0212338,0.3543732166290283,0.1,0.1,0.1,328.748670542612,407.2997536875227,386.91468183533016,168.60976907462404,168.609769074624
9,3,1,5.714194059371948,0.017235,6.03576397895813,0.0192316,6.006896018981934,0.0212351,0.47489118576049805,0.1,0.1,0.1,517.0881793076647,552.6221394912188,509.4557780708564,251.26241041222514,251.26241041222514
9,3,2,6.9195311069488525,0.0172303,7.901458978652954,0.0192324,5.427531003952026,0.0212348,0.5105369091033936,0.1,0.1,0.1,520.4157986461215,445.84821271718215,510.39468868087596,251.26241041222514,251.26241041222514
9,3,3,4.439711332321167,0.0172292,3.39546799659729,0.01924,8.741956233978271,0.0212241,0.35763001441955566,0.1,0.1,0.1,483.6635179487418,490.6274024484801,480.6949106583104,251.26241041222514,251.26241041222514
9,3,4,4.6015050411224365,0.0172328,6.781937122344971,0.0192373,4.5828773975372314,0.0212365,0.5061976909637451,0.1,0.1,,382.73895686028067,440.0929750514029,,251.26241041222514,251.26241041222514
9,3,5,6.311102867126465,0.0172332,6.313654184341431,0.0192332,4.672453880310059,0.0212375,0.36267590522766113,0.1,0.1,0.1,447.5388491666894,352.2426485187018,556.8440775336164,251.26241041222514,251.26241041222514
9,4,1,4.43250298500061,0.0172348,7.346166133880615,0.0192343,4.959649085998535,0.0212293,0.49885010719299316,0.1,0.1,0.1,518.2934698772054,485.73371577459085,604.2247617633676,240.9857162922317,240.9857162922317
9,4,2,4.79789400100708,0.0172347,5.340820074081421,0.0192304,5.97963809967041,0.0212364,0.34900403022766113,0.1,0.1,0.1,636.529243231843,460.29094742727244,541.2237646886479,240.9857162922317,240.9857162922317
9,4,3,4.5857837200164795,0.0172339,3.985466241836548,0.0192326,4.974782943725586,0.0212257,0.539262056350708,0.1,0.1,0.1,571.3744043602821,545.6722911120736,458.37610800518735,240.9857162922317,240.9857162922317
9,4,4,5.397913932800293,0.0172264,6.755435943603516,0.019229,5.203953981399536,0.0212271,0.38608312606811523,0.1,0.1,0.1,501.19472418024253,518.4685571917194,476.23097981925827,240.9857162922317,240.9857162922317
9,4,5,6.067403078079224,0.0172298,5.268993139266968,0.019232,5.515803098678589,0.0212356,0.34618282318115234,0.1,0.1,0.1,391.564418863136,465.6645803964547,564.5069975965998,240.9857162922317,240.9857162922317
9,5,1,5.871321678161621,0.0172323,5.766026020050049,0.0192342,5.2028138637542725,0.0212394,0.6186637878417969,0.1,0.1,0.1,314.8554241909188,377.3303166471819,371.51510926706305,152.4878571584361,152.4878571584361
9,5,2,6.054275035858154,0.0172318,5.436722040176392,0.0192338,6.894267797470093,0.0212312,0.5832710266113281,0.1,0.1,0.1,384.8949441094362,320.2453133252598,464.211655688846,152.4878571584361,152.4878571584361
9,5,3,5.0511369705200195,0.0172335,6.372186183929443,0.0192315,6.084414958953857,0.0212309,0.6323559284210205,0.1,0.1,0.1,451.83819754024734,242.52197883639812,376.82811114008416,152.4878571584361,152.4878571584361
9,5,4,5.0090413093566895,0.017236,4.620179176330566,0.0192281,3.867464065551758,0.0212389,0.49564290046691895,0.1,0.1,0.1,404.1008777609693,474.73137921125965,528.6095994266418,152.4878571584361,152.4878571584361
9,5,5,4.554808139801025,0.0172339,6.0369720458984375,0.0192245,5.783090829849243,0.0212342,0.5439531803131104,0.1,0.1,0.1,302.115088560467,305.1108305246549,465.06376121781375,152.4878571584361,152.4878571584361
9,6,1,4.446380138397217,0.0172398,6.724134922027588,0.0192372,4.941249132156372,0.0212323,0.35338807106018066,0.1,,,622.5310302369714,,,219.50166202351159,219.50166202351159
9,6,2,4.164527177810669,0.0172438,6.943500757217407,0.0192284,5.050163269042969,0.0212297,0.42445993423461914,0.1,0.1,0.1,529.318411127412,534.7572421435951,498.9482060515345,219.50166202351159,219.50166202351159
9,6,3,4.2688939571380615,0.0172356,8.023013830184937,0.019233,4.6364359855651855,0.0212338,0.3555777072906494,0.1,0.1,0.1,439.8513842916947,402.9011770725802,424.2553271370862,219.5016620235116,219.50166202351159
9,6,4,6.253927946090698,0.0172339,4.545392751693726,0.0192312,5.382920980453491,0.0212291,0.5138669013977051,0.1,0.1,0.1,473.9434764394034,402.73799872109373,507.7033929103917,219.50166202351159,219.50166202351159
9,6,5,4.492699146270752,0.0172318,4.59421181678772,0.0192323,4.157038927078247,0.0212352,0.35194873809814453,0.1,0.1,0.1,394.2967321944677,480.18031514214033,494.5358719280206,219.5016620235116,219.50166202351159
9,7,1,5.507508993148804,0.0172353,6.853443145751953,0.0192328,5.234683036804199,0.0212317,0.4995241165161133,0.1,0.1,0.1,284.250884975398,319.79682604301627,508.63651272853195,203.92694285884798,203.92694285884798
9,7,2,4.507312774658203,0.0172384,6.110276937484741,0.0192323,4.376576900482178,0.0212336,0.47727298736572266,0.1,0.1,0.1,569.4033246623197,397.8272034093952,378.3846511963527,203.92694285884798,203.92694285884798
9,7,3,5.885310888290405,0.0172378,6.996172189712524,0.0192289,5.528367757797241,0.0212361,0.46618175506591797,0.1,0.1,0.1,361.90699574541173,506.0388459762229,347.7630186938345,203.92694285884798,203.92694285884798
9,7,4,10.591531991958618,0.0172288,7.046967029571533,0.0192233,5.008596897125244,0.0212295,0.34131598472595215,0.1,0.1,0.1,345.05731074372693,522.7504528016343,396.9049051808244,203.92694285884798,203.92694285884798
9,7,5,5.0626380443573,0.0172268,7.173670053482056,0.0192372,5.745297908782959,0.0212344,0.39942407608032227,0.1,0.1,0.1,404.38601073304494,401.29283903783846,481.11038735139937,203.92694285884798,203.92694285884798
9,8,1,4.955039978027344,0.0172291,4.916147947311401,0.0192321,6.192652702331543,0.0212328,0.3569023609161377,0.1,0.1,0.1,387.27782262156273,522.8103198911775,564.6015348888101,297.0936195281969,297.0936195281968
9,8,2,3.9075629711151123,0.017238,6.173365831375122,0.0192349,4.919067144393921,0.0212269,0.41892576217651367,0.1,0.1,0.1,463.6391387513666,387.38327687894594,578.2328584498392,297.0936195281969,297.0936195281968
9,8,3,4.806144952774048,0.0172295,5.95909309387207,0.0192323,6.341927766799927,0.0212343,0.3765597343444824,0.1,0.1,0.1,528.2490850067956,433.71488320044523,538.0812508447622,297.0936195281969,297.0936195281968
9,8,4,4.614899158477783,0.0172362,7.301391124725342,0.0192341,5.091341257095337,0.0212325,0.5906000137329102,0.1,0.1,0.1,563.3395483278091,540.730239300112,390.3109650193691,297.0936195281969,297.0936195281968
9,8,5,3.8647313117980957,0.0172377,4.974931955337524,0.0192283,9.38056206703186,0.0212253,0.5684065818786621,0.1,0.1,0.1,483.6224998318602,549.9973376490543,462.12060855217675,297.0936195281969,297.0936195281968
9,9,1,5.233436822891235,0.0172272,7.181733131408691,0.0192361,5.799093008041382,0.0212317,0.45056605339050293,0.1,0.1,0.1,312.0724603244271,428.92445884184235,485.85368631924,166.85588321832918,166.85588321832918
9,9,2,6.828752040863037,0.0172358,5.928239822387695,0.0192359,6.997266054153442,0.021234,0.35891199111938477,0.1,,0.1,409.56120846818453,,438.3780298451254,166.85588321832918,166.85588321832918
9,9,3,7.528677940368652,0.017233,3.925234317779541,0.0192406,3.819821834564209,0.0212357,0.4099540710449219,0.1,0.1,0.1,514.29240888097,365.06884376417247,414.4004843348448,166.85588321832918,166.85588321832918
9,9,4,5.83489203453064,0.0172336,4.5434250831604,0.0192426,6.034289121627808,0.0212337,0.5408458709716797,0.1,0.1,0.1,341.78303352483647,354.2106512947311,390.07063669398167,166.85588321832918,166.85588321832918
9,9,5,5.609479188919067,0.0172338,3.797916889190674,0.0192318,6.539233922958374,0.021227,0.38641905784606934,0.1,0.1,0.1,282.96386381668117,301.40747080815737,432.32683223069114,166.85588321832918,166.85588321832918
9,10,1,5.07942008972168,0.01723,5.650255918502808,0.0192292,3.8658149242401123,0.0212375,0.385883092880249,0.1,0.1,0.1,391.66150097932314,456.58398026641805,446.5962250831703,176.1994749057235,176.1994749057235
9,10,2,3.6824400424957275,0.0172303,6.564391136169434,0.0192299,6.510033845901489,0.0212272,0.3729567527770996,0.1,0.1,0.1,364.06377162581265,509.3667944410076,425.3516978780227,176.19947490572352,176.1994749057235
9,10,3,4.183758020401001,0.0172375,4.700284957885742,0.0192402,5.865443229675293,0.0212355,0.37814998626708984,0.1,,0.1,322.3714157148478,,400.18196861269234,176.19947490572352,176.1994749057235
9,10,4,4.985681056976318,0.0172347,5.150335073471069,0.0192363,5.148277997970581,0.0212313,0.5927128791809082,0.1,0.1,0.1,303.2426770164616,383.9805936288,353.8326823239355,176.1994749057235,176.1994749057235
9,10,5,9.081931114196777,0.0172199,5.057242155075073,0.0192338,4.790934085845947,0.0212317,0.6057510375976562,0.1,0.1,0.1,380.44966036024425,401.76915250918955,406.21977981862955,176.19947490572352,176.1994749057235
